product_id,source_figure,representation,family_id,family_class,parameter_count_fixed_mode,parameter_count_descriptive_mode,rms_error,uncertainty_weighted_rms,max_error,peak_offset_delta_z,weighted_mean_offset_delta_z,support_overlap,high_z_support_capture,low_z_mismatch,transition_mismatch,explained_fraction_vs_zero,compression_efficiency_fixed_mode,aic_like_fixed_mode,bic_like_fixed_mode,aic_like_descriptive_mode,bic_like_descriptive_mode,fit_parameters
desi_dr2_cmb_desi,fig_reconstruct,signed_history,zero_coupling,zero,0,0,0.36129905704802434,0.322989987192745,1.0,0.0,1.3359648922179657,0.0,0.0,0.31542923433874714,0.2162020848991863,0.0,0.0,175.6115556922461,175.6115556922461,175.6115556922461,175.6115556922461,{}
desi_dr2_cmb_desi,fig_reconstruct,signed_history,retained_gamma,retained,0,2,0.7755474754102408,0.7727904701474255,1.3640376682879982,2.04,0.0694182786361075,0.38285046450750804,0.4172208230168353,0.9337223233617693,0.9351956222870245,-4.724603307580327,-4.724603307580327,1005.3064925651588,1005.3064925651588,1009.3064925651588,1016.3573984434224,{}
desi_dr2_cmb_desi,fig_reconstruct,signed_history,logistic_transition,transition,2,2,0.20307427634668948,0.11878384125074225,0.667067879105007,0.0,0.14242532092552573,0.6795340317016199,0.8022398461216724,0.20965132280755938,0.07874700679197719,0.8647502059697811,0.43237510298489057,27.75142673670259,34.80233261496616,27.75142673670259,34.80233261496616,"{""center_ln_a"": -0.7516577810972208, ""center_z"": 1.1205124498413204, ""width_ln_a"": 1.8}"
desi_dr2_cmb_desi,fig_reconstruct,signed_history,gaussian_ln_a,smooth_pulse,2,2,0.7691605093457463,0.782773665258731,1.2633093556550528,1.72,0.07804127357994384,0.3843831899613763,0.4229550984901244,0.906911114633243,0.9563314701128544,-4.873463769457307,-2.4367318847286534,1035.4481098564415,1042.4990157347052,1035.4481098564415,1042.4990157347052,{}
desi_dr2_cmb_desi,fig_reconstruct,signed_history,logistic_pulse,smooth_pulse,2,2,0.7652684991165594,0.7758418209948842,1.2923910634063396,1.72,0.07678024625512059,0.3868225179186849,0.4241521141999808,0.9042714779244438,0.9442648202909845,-4.769899566894907,-2.3849497834474533,1017.2610391304315,1024.3119450086951,1017.2610391304315,1024.3119450086951,{}
desi_dr2_cmb_desi,fig_reconstruct,signed_history,tomographic_3_bins,tomographic,3,3,0.5359381579358942,0.508465324111898,0.8445475638051044,1.31,0.028755699432400972,0.40290270867768285,0.41244170820794385,0.3784739554353518,0.23133361138564768,-1.4782468494296634,-0.4927489498098878,441.2087846177508,451.78514343514615,441.2087846177508,451.78514343514615,"{""n_bins"": 3.0}"
desi_dr2_cmb_desi,fig_reconstruct,signed_history,tomographic_5_bins,tomographic,5,5,0.4403526362918532,0.40353426264414277,0.8445475638051044,1.73,0.004456847980752077,0.4517779503913111,0.4618132357071219,0.3585756746253496,0.23931490614907777,-0.5609274264753479,-0.11218548529506958,284.1168936860299,301.74415838168886,284.1168936860299,301.74415838168886,"{""n_bins"": 5.0}"
desi_dr2_cmb_desi,fig_reconstruct,positive_support,zero_coupling,zero,0,0,0.5114879296750009,0.5114879296750009,1.0,1.87,1.9072289547466226,0.0,0.0,0.0,0.055208890473643545,0.0,0.0,65.66659545300789,65.66659545300789,65.66659545300789,65.66659545300789,{}
desi_dr2_cmb_desi,fig_reconstruct,positive_support,retained_gamma,retained,0,2,0.5161819332906197,0.5161819332906197,0.8430115417063379,0.16999999999999993,0.5018457838925496,0.4419851611892324,0.7585745561484677,0.6182906888869437,0.7244985902096408,-0.018438528612689353,-0.018438528612689353,66.87739085216607,66.87739085216607,70.87739085216607,77.92829673042964,{}
desi_dr2_cmb_desi,fig_reconstruct,positive_support,logistic_transition,transition,2,2,0.10925556909377337,0.10925556909377337,0.37868721943574446,0.6299999999999999,0.0045594417224246175,0.8153136541354238,0.8605457522693335,0.03100234308308369,0.0730614616288114,0.9543735806126395,0.4771867903063198,6.9961316238790765,14.047037502142643,6.9961316238790765,14.047037502142643,"{""center_ln_a"": -0.9500119177756541, ""center_z"": 1.5857404754071016, ""width_ln_a"": 0.12873949579831934}"
desi_dr2_cmb_desi,fig_reconstruct,positive_support,gaussian_ln_a,smooth_pulse,2,2,0.11344819514107829,0.11344819514107829,0.3853902640455885,0.6299999999999999,0.004616729522668894,0.8087585488124648,0.8473889313388652,0.026430747839854947,0.0688531479688453,0.9508046105346727,0.47540230526733634,7.230493738172814,14.281399616436381,7.230493738172814,14.281399616436381,"{""center_ln_a"": -1.252762968495368, ""center_z"": 2.5, ""width_ln_a"": 0.27663865546218486}"
desi_dr2_cmb_desi,fig_reconstruct,positive_support,logistic_pulse,smooth_pulse,2,2,0.11755663051487858,0.11755663051487858,0.3385241338119327,0.6299999999999999,0.013220956255584282,0.7991288586415238,0.8562423273824674,0.04352741803069702,0.08604154931799897,0.94717694922431,0.473588474612155,7.468709905880932,14.519615784144499,7.468709905880932,14.519615784144499,"{""center_ln_a"": -1.252762968495368, ""center_z"": 2.5, ""width_ln_a"": 0.17310924369747901}"
desi_dr2_cmb_desi,fig_reconstruct,positive_support,tomographic_3_bins,tomographic,3,3,0.2561506410774367,0.2561506410774367,0.7172995780590717,0.56,0.08256526048721691,0.6556205716633601,0.7500522204119143,0.06179611684303657,0.11968771262502056,0.7492042831152218,0.24973476103840728,22.468900882019827,33.04525969941518,22.468900882019827,33.04525969941518,"{""n_bins"": 3.0}"
desi_dr2_cmb_desi,fig_reconstruct,positive_support,tomographic_5_bins,tomographic,5,5,0.15962121681681785,0.15962121681681785,0.7172995780590717,0.14000000000000012,0.02098100613604359,0.7581198257755984,0.8194382698058693,0.02071869124690549,0.09203065701465979,0.902610876911458,0.1805221753822916,16.395212147378473,34.02247684303739,16.395212147378473,34.02247684303739,"{""n_bins"": 5.0}"
desi_dr2_cmb_desi,fig_reconstruct,evidence_weighted_support,zero_coupling,zero,0,0,0.47560642330450115,0.5725810039098533,0.9556451612903227,1.87,1.9844911275126456,0.0,0.0,0.0,0.01867812093575383,0.0,0.0,57.165865610577356,57.165865610577356,57.165865610577356,57.165865610577356,{}
desi_dr2_cmb_desi,fig_reconstruct,evidence_weighted_support,retained_gamma,retained,0,2,0.5670928030732518,0.49776236773926796,0.8717239071781595,0.16999999999999993,0.5791079566585726,0.38331851332883654,0.7166053954201204,0.6182906888869437,0.7610293597475305,0.2442637611401809,0.2442637611401809,43.20231626770361,43.20231626770361,47.20231626770361,54.25322214596717,{}
desi_dr2_cmb_desi,fig_reconstruct,evidence_weighted_support,logistic_transition,transition,2,2,0.10213384224564626,0.10616269846928876,0.46536321785051765,0.6299999999999999,0.023880171571136977,0.8129405350371678,0.864297517876546,0.015403625193251618,0.04292370067050936,0.965622837529785,0.4828114187648925,5.965200249845298,13.016106128108865,5.965200249845298,13.016106128108865,"{""center_ln_a"": -0.9917706833921665, ""center_z"": 1.6960040179653113, ""width_ln_a"": 0.11394957983193277}"
desi_dr2_cmb_desi,fig_reconstruct,evidence_weighted_support,gaussian_ln_a,smooth_pulse,2,2,0.10413782766197745,0.11211956760570738,0.4488206257265011,0.6299999999999999,0.0013124593204936197,0.8159511596223223,0.8551213446062839,0.008364702810828404,0.03198834461315081,0.9616567468299178,0.4808283734149589,6.191925257793266,13.242831136056832,6.191925257793266,13.242831136056832,"{""center_ln_a"": -1.252762968495368, ""center_z"": 2.5, ""width_ln_a"": 0.23226890756302523}"
desi_dr2_cmb_desi,fig_reconstruct,evidence_weighted_support,logistic_pulse,smooth_pulse,2,2,0.11119802960692028,0.11433140787361117,0.45497426211894393,0.6299999999999999,0.052779047271239055,0.7875844623203496,0.8549678991940711,0.030181858187915838,0.06440470781100455,0.9601289905242831,0.48006449526214157,6.27926076944689,13.330166647710456,6.27926076944689,13.330166647710456,"{""center_ln_a"": -1.252762968495368, ""center_z"": 2.5, ""width_ln_a"": 0.15831932773109245}"
desi_dr2_cmb_desi,fig_reconstruct,evidence_weighted_support,tomographic_3_bins,tomographic,3,3,0.3070768926553196,0.3056928088555519,0.8855533035042769,0.56,0.11722745915634869,0.617717976945541,0.7083941878599419,0.02673437709285204,0.052677921455032736,0.7149660616172577,0.2383220205390859,22.29421181604143,32.870570633436785,22.29421181604143,32.870570633436785,"{""n_bins"": 3.0}"
desi_dr2_cmb_desi,fig_reconstruct,evidence_weighted_support,tomographic_5_bins,tomographic,5,5,0.15932648888991466,0.16737684176261022,0.8845065349387671,0.14000000000000012,0.02770603100148472,0.7362744464260818,0.7900665026853763,0.007716286391789491,0.053876228816398385,0.9145490556858873,0.18290981113717747,14.8848771989575,32.51214189461641,14.8848771989575,32.51214189461641,"{""n_bins"": 5.0}"
desi_dr2_desy5,fig_reconstruct,signed_history,zero_coupling,zero,0,0,0.42570016520351295,0.37452099295441055,1.0,0.09,1.2613971710173615,0.0,0.0,0.3788235294117648,0.15730701343611544,0.0,0.0,271.4216435122839,271.4216435122839,271.4216435122839,271.4216435122839,{}
desi_dr2_desy5,fig_reconstruct,signed_history,retained_gamma,retained,0,2,0.7858835591599798,0.7890421808515121,1.4183940528163703,1.95,0.14398599983671168,0.40037269862393016,0.4544983594137422,0.9851473089718712,0.8513577823755697,-3.4386214609463295,-3.4386214609463295,1204.7379318589474,1204.7379318589474,1208.7379318589474,1215.788837737211,{}
desi_dr2_desy5,fig_reconstruct,signed_history,logistic_transition,transition,2,2,0.1481419055695683,0.1274859506873937,0.40920716112531963,0.09,0.0038500286209290913,0.7458336935818056,0.7855999718272828,0.13814057172908167,0.09513035077921829,0.8841296492639256,0.4420648246319628,35.449721031130096,42.50062690939366,35.449721031130096,42.50062690939366,"{""center_ln_a"": -0.7203387068848366, ""center_z"": 1.0551291791747825, ""width_ln_a"": 1.8}"
desi_dr2_desy5,fig_reconstruct,signed_history,gaussian_ln_a,smooth_pulse,2,2,0.7750534562398838,0.7873206083863997,1.3282020646386477,1.63,0.152608994780548,0.3860100447336219,0.46074497667553505,0.958336100243345,0.8724936302013993,-3.4192737696109017,-1.7096368848054508,1203.4865496785171,1210.5374555567807,1203.4865496785171,1210.5374555567807,{}
desi_dr2_desy5,fig_reconstruct,signed_history,logistic_pulse,smooth_pulse,2,2,0.7723425282695389,0.7819516432071438,1.348085549075465,1.63,0.15134796745572476,0.3906049640309263,0.4620489424565053,0.9556964635345457,0.8604269803795296,-3.3592066854458302,-1.6796033427229151,1187.1830429734428,1194.2339488517064,1187.1830429734428,1194.2339488517064,{}
desi_dr2_desy5,fig_reconstruct,signed_history,tomographic_3_bins,tomographic,3,3,0.3276802827718797,0.32617444405838636,0.7826086956521741,0.09,0.02350805086046548,0.5515158353870971,0.6129408178408704,0.28308906501828657,0.1513882400199991,0.24151406931561836,0.08050468977187279,211.8694978872991,222.44585670469445,211.8694978872991,222.44585670469445,"{""n_bins"": 3.0}"
desi_dr2_desy5,fig_reconstruct,signed_history,tomographic_5_bins,tomographic,5,5,0.217508161099137,0.20567787304871457,0.48593350383631695,0.09,0.012959240762103086,0.6755513923717721,0.7065962607521117,0.19208454490266696,0.1511134024782334,0.6984059197955226,0.1396811839591045,91.8591609226748,109.48642561833373,91.8591609226748,109.48642561833373,"{""n_bins"": 5.0}"
desi_dr2_desy5,fig_reconstruct,positive_support,zero_coupling,zero,0,0,0.477779660393177,0.477779660393177,1.0,2.0300000000000002,1.887362511980284,0.0,0.0,0.009176470588235291,0.06567246616956643,0.0,0.0,57.2966243752403,57.2966243752403,57.2966243752403,57.2966243752403,{}
desi_dr2_desy5,fig_reconstruct,positive_support,retained_gamma,retained,0,2,0.5241987702865685,0.5241987702865685,0.826490764808727,0.009999999999999787,0.481979341126211,0.4170646114720485,0.6968995481587583,0.6091142182987085,0.7140350145137178,-0.20375105506323887,-0.20375105506323887,68.9708720432576,68.9708720432576,72.9708720432576,80.02177792152116,{}
desi_dr2_desy5,fig_reconstruct,positive_support,logistic_transition,transition,2,2,0.1273590157831995,0.1273590157831995,0.41284240729573884,0.46999999999999975,0.008823159340580977,0.7756830266683032,0.8251560250451141,0.04519257398360073,0.08136808338194103,0.9289434571650451,0.46447172858252256,8.07130004421758,15.122205922481147,8.07130004421758,15.122205922481147,"{""center_ln_a"": -1.0335294490086786, ""center_z"": 1.8109695207291643, ""width_ln_a"": 0.17310924369747901}"
desi_dr2_desy5,fig_reconstruct,positive_support,gaussian_ln_a,smooth_pulse,2,2,0.13769946532779978,0.13769946532779978,0.49336523557264567,0.46999999999999975,0.04844427334128687,0.7772001101128105,0.8031801092536285,0.02006101006001642,0.047431854116254155,0.916936697710613,0.4584683488553065,8.759246830642045,15.810152708905612,8.759246830642045,15.810152708905612,"{""center_ln_a"": -1.252762968495368, ""center_z"": 2.5, ""width_ln_a"": 0.2618487394957983}"
desi_dr2_desy5,fig_reconstruct,positive_support,logistic_pulse,smooth_pulse,2,2,0.13699025549293767,0.13699025549293767,0.47742747747480807,0.46999999999999975,0.0066454865107543615,0.7654124517745913,0.8062859821798202,0.041339450690068266,0.07493117180435681,0.917790115797108,0.458895057898554,8.710348855105106,15.761254733368673,8.710348855105106,15.761254733368673,"{""center_ln_a"": -1.252762968495368, ""center_z"": 2.5, ""width_ln_a"": 0.17310924369747901}"
desi_dr2_desy5,fig_reconstruct,positive_support,tomographic_3_bins,tomographic,3,3,0.28496638938302854,0.28496638938302854,0.6901960784313724,0.7200000000000002,0.07896101679668344,0.6105158896071107,0.6889147738303242,0.07266804179482993,0.12918388530219221,0.6442606028744345,0.21475353429147817,26.382666612577964,36.959025429973316,26.382666612577964,36.959025429973316,"{""n_bins"": 3.0}"
desi_dr2_desy5,fig_reconstruct,positive_support,tomographic_5_bins,tomographic,5,5,0.1919645819326127,0.1919645819326127,0.6588235294117646,0.30000000000000027,0.015425352560062056,0.7257726692940778,0.7608198219029343,0.024063725243297446,0.07468994211998504,0.8385690137820014,0.1677138027564003,19.249450579857257,36.876715275516176,19.249450579857257,36.876715275516176,"{""n_bins"": 5.0}"
desi_dr2_desy5,fig_reconstruct,evidence_weighted_support,zero_coupling,zero,0,0,0.43501073349392894,0.4972404678365051,1.0,2.04,1.9621001560995017,0.0,0.0,0.0026576696966145175,0.02418532993586032,0.0,0.0,47.0578891647547,47.0578891647547,47.0578891647547,47.0578891647547,{}
desi_dr2_desy5,fig_reconstruct,evidence_weighted_support,retained_gamma,retained,0,2,0.5803135909214081,0.5110162765880731,0.877072001624889,0.0,0.5567169852454288,0.35190845948346605,0.6372184238687285,0.6156330191903293,0.7555221507474238,-0.05617658152624938,-0.05617658152624938,49.70144051187175,49.70144051187175,53.70144051187175,60.752346390135315,{}
desi_dr2_desy5,fig_reconstruct,evidence_weighted_support,logistic_transition,transition,2,2,0.13665083572753114,0.137161040337829,0.5741951332591196,0.45999999999999996,0.027067082009783805,0.7424262838062372,0.7905701675805761,0.026196507955911726,0.06115565929639616,0.9239098205762653,0.4619549102881326,7.580643229848406,14.631549108111972,7.580643229848406,14.631549108111972,"{""center_ln_a"": -1.085727906029319, ""center_z"": 1.961594797042658, ""width_ln_a"": 0.15831932773109245}"
desi_dr2_desy5,fig_reconstruct,evidence_weighted_support,gaussian_ln_a,smooth_pulse,2,2,0.14756451029614834,0.1503030485889434,0.6505574641920452,0.45999999999999996,0.049787483069129834,0.7517512502398395,0.7716064044787658,0.005454439071225123,0.023571121830439707,0.9086302059278416,0.4543151029639208,8.29966964245409,15.350575520717657,8.29966964245409,15.350575520717657,"{""center_ln_a"": -1.252762968495368, ""center_z"": 2.5, ""width_ln_a"": 0.21747899159663867}"
desi_dr2_desy5,fig_reconstruct,evidence_weighted_support,logistic_pulse,smooth_pulse,2,2,0.1458796696493293,0.14817913488694037,0.6318934735438322,0.45999999999999996,0.009468040821025703,0.7400121621464972,0.7733453940491183,0.01752210179742995,0.04581485776343466,0.911194231468383,0.4555971157341915,8.179012012751697,15.229917891015264,8.179012012751697,15.229917891015264,"{""center_ln_a"": -1.252762968495368, ""center_z"": 2.5, ""width_ln_a"": 0.14352941176470588}"
desi_dr2_desy5,fig_reconstruct,evidence_weighted_support,tomographic_3_bins,tomographic,3,3,0.33980907004803257,0.33487804612500793,0.877345649003403,0.73,0.108938092430922,0.555433036371472,0.6299173981017312,0.035682178502149414,0.07066686561388276,0.5464340734945041,0.1821446911648347,27.343855098404898,37.92021391580025,27.343855098404898,37.92021391580025,"{""n_bins"": 3.0}"
desi_dr2_desy5,fig_reconstruct,evidence_weighted_support,tomographic_5_bins,tomographic,5,5,0.21390764385363567,0.21154713382197524,0.877345649003403,0.31000000000000005,0.02315375968750044,0.6916597254971313,0.7208787767513799,0.006811319705329876,0.04132605430809342,0.8189988399033588,0.16379976798067175,18.517532530519766,36.14479722617868,18.517532530519766,36.14479722617868,"{""n_bins"": 5.0}"
desi_dr2_pp,fig_reconstruct,signed_history,zero_coupling,zero,0,0,0.4991808389332817,0.4591655720180654,1.0,2.2,1.5393413569633647,0.0,0.0,0.2820242914979757,0.22118948508866965,0.0,0.0,439.04792452997316,439.04792452997316,439.04792452997316,439.04792452997316,{}
desi_dr2_pp,fig_reconstruct,signed_history,retained_gamma,retained,0,2,0.6909968754336687,0.7441063699845354,1.303605179430159,0.16000000000000014,0.13395818610929155,0.5178334241260528,0.6687900128983372,0.889386206431929,0.9193581096339624,-1.6262218471088996,-1.6262218471088996,1153.0372513284349,1153.0372513284349,1157.0372513284349,1164.0881572066985,{}
desi_dr2_pp,fig_reconstruct,signed_history,logistic_transition,transition,2,2,0.24782603654197044,0.18213953668547003,0.7636973637825286,2.2,0.18252554464265702,0.6848695703294372,0.8309995442609648,0.2712099143514653,0.10888410596392481,0.8426488866572124,0.4213244433286062,73.0846797356315,80.13558561389506,73.0846797356315,80.13558561389506,"{""center_ln_a"": -0.6681402498641963, ""center_z"": 0.9506063049509912, ""width_ln_a"": 1.8}"
desi_dr2_pp,fig_reconstruct,signed_history,gaussian_ln_a,smooth_pulse,2,2,0.6875005363686042,0.747556134446753,1.2712348493909038,0.4800000000000002,0.12533519116545522,0.5212978324962536,0.6762164984339131,0.8625749977034028,0.940493957459792,-1.6506292394411815,-0.8253146197205907,1167.753266275112,1174.8041721533757,1167.753266275112,1174.8041721533757,{}
desi_dr2_pp,fig_reconstruct,signed_history,logistic_pulse,smooth_pulse,2,2,0.6832429040694061,0.7410378137720556,1.2637755858331197,0.4800000000000002,0.12659621849027847,0.5233606307819016,0.6777510595682078,0.8599353609946033,0.9284273076379225,-1.604606407758463,-0.8023032038792315,1147.5470375438222,1154.5979434220858,1147.5470375438222,1154.5979434220858,{}
desi_dr2_pp,fig_reconstruct,signed_history,tomographic_3_bins,tomographic,3,3,0.34393123701909856,0.3442963316112713,0.7044534412955467,0.8900000000000001,0.02824407342651991,0.6036934496839861,0.6613220026456086,0.19114611345828914,0.19632835798693168,0.4377542827951473,0.1459180942650491,252.85281521465683,263.4291740320522,252.85281521465683,263.4291740320522,"{""n_bins"": 3.0}"
desi_dr2_pp,fig_reconstruct,signed_history,tomographic_5_bins,tomographic,5,5,0.25423427564670065,0.25003747313581337,0.6720647773279353,0.4700000000000002,0.005952609921060281,0.6806414131491163,0.7264985988578796,0.14466498639751044,0.17311702668460438,0.7034679993536972,0.14069359987073943,140.19175944047987,157.81902413613878,140.19175944047987,157.81902413613878,"{""n_bins"": 5.0}"
desi_dr2_pp,fig_reconstruct,positive_support,zero_coupling,zero,0,0,0.4558971060276377,0.4558971060276377,1.0,2.2,1.9172267087865895,0.0,0.0,0.005465587044534408,0.040770941438102296,0.0,0.0,52.168384992378165,52.168384992378165,52.168384992378165,52.168384992378165,{}
desi_dr2_pp,fig_reconstruct,positive_support,retained_gamma,retained,0,2,0.5504678122167882,0.5504678122167882,0.8462100929940968,0.16000000000000014,0.5118435379325166,0.38569444508506945,0.6687924148959656,0.6128251018424095,0.738936539245182,-0.45790823110746026,-0.45790823110746026,76.05671788397103,76.05671788397103,80.05671788397103,87.1076237622346,{}
desi_dr2_pp,fig_reconstruct,positive_support,logistic_transition,transition,2,2,0.13395426151354867,0.13395426151354867,0.4939940313371713,0.2999999999999998,0.0005660991237192992,0.7686487106696364,0.8067778630170985,0.030325120458063234,0.062097260882175806,0.9136664899776807,0.45683324498884037,8.503879788587687,15.554785666851254,8.503879788587687,15.554785666851254,"{""center_ln_a"": -1.054408831816935, ""center_z"": 1.8702778353176095, ""width_ln_a"": 0.15831932773109245}"
desi_dr2_pp,fig_reconstruct,positive_support,gaussian_ln_a,smooth_pulse,2,2,0.1457107661330196,0.1457107661330196,0.5786758693996288,0.2999999999999998,0.0432249562137248,0.7737159915172566,0.7917890391656358,0.012962753797851986,0.03627317604084047,0.897847355828371,0.4489236779141855,9.329138469134953,16.38004434739852,9.329138469134953,16.38004434739852,"{""center_ln_a"": -1.252762968495368, ""center_z"": 2.5, ""width_ln_a"": 0.24705882352941178}"
desi_dr2_pp,fig_reconstruct,positive_support,logistic_pulse,smooth_pulse,2,2,0.14427725233990774,0.14427725233990774,0.5640951483051426,0.2999999999999998,0.014485371454816987,0.7636377425126197,0.7965692605194409,0.027811366171435294,0.05729338812748644,0.8998474399390656,0.4499237199695328,9.224797311231107,16.275703189494674,9.224797311231107,16.275703189494674,"{""center_ln_a"": -1.252762968495368, ""center_z"": 2.5, ""width_ln_a"": 0.15831932773109245}"
desi_dr2_pp,fig_reconstruct,positive_support,tomographic_3_bins,tomographic,3,3,0.2992922481140057,0.2992922481140057,0.7044534412955467,0.8900000000000001,0.07876944709030109,0.596564249105298,0.6613220026456086,0.04758326401108972,0.08514242183580518,0.5690198518058422,0.18967328393528074,28.483538295065017,39.05989711246037,28.483538295065017,39.05989711246037,"{""n_bins"": 3.0}"
desi_dr2_pp,fig_reconstruct,positive_support,tomographic_5_bins,tomographic,5,5,0.22141210007601292,0.22141210007601292,0.6720647773279353,0.4700000000000002,0.029588326683566146,0.6792127945942099,0.7264985988578796,0.019635265618572963,0.08511815613941284,0.7641319961337617,0.15282639922675234,22.30485283307766,39.932117528736576,22.30485283307766,39.932117528736576,"{""n_bins"": 5.0}"
desi_dr2_pp,fig_reconstruct,evidence_weighted_support,zero_coupling,zero,0,0,0.4074218388186378,0.5114709218969561,0.9500000000000001,2.22,1.998397377063766,0.0,0.0,0.0007377302751258704,0.009409732327850763,0.0,0.0,40.7176043763183,40.7176043763183,40.7176043763183,40.7176043763183,{}
desi_dr2_pp,fig_reconstruct,evidence_weighted_support,retained_gamma,retained,0,2,0.6108733236601165,0.5423656829432847,0.892671863432982,0.18000000000000016,0.593014206209693,0.31423212299878994,0.5878786702382962,0.6175529586118179,0.7702977483554334,-0.12445611030970416,-0.12445611030970416,45.78515903812426,45.78515903812426,49.78515903812426,56.836064916387826,{}
desi_dr2_pp,fig_reconstruct,evidence_weighted_support,logistic_transition,transition,2,2,0.1478309491766954,0.15133992502344132,0.6546162134636114,0.2799999999999998,0.03694789397715148,0.7162512538818474,0.7661397921838677,0.022376784370838107,0.05289543606058799,0.9124481892924926,0.4562240946462463,7.564899990818593,14.615805869082159,7.564899990818593,14.615805869082159,"{""center_ln_a"": -1.1379263630499594, ""center_z"": 2.1202913006310142, ""width_ln_a"": 0.15831932773109245}"
desi_dr2_pp,fig_reconstruct,evidence_weighted_support,gaussian_ln_a,smooth_pulse,2,2,0.16224589803148964,0.16679555162060689,0.7630167877684361,0.2799999999999998,0.04033297800555036,0.7410950863582653,0.756164073812071,0.002314949766629052,0.013686082979767285,0.8936525621094502,0.4468262810547251,8.330212902462488,15.381118780726055,8.330212902462488,15.381118780726055,"{""center_ln_a"": -1.252762968495368, ""center_z"": 2.5, ""width_ln_a"": 0.2026890756302521}"
desi_dr2_pp,fig_reconstruct,evidence_weighted_support,logistic_pulse,smooth_pulse,2,2,0.15888608319351621,0.16414000442752405,0.741049697437638,0.2799999999999998,0.015268149177525059,0.7316225737075014,0.7594980552878793,0.010639015763739396,0.02983314028367576,0.8970119144615818,0.4485059572307909,8.19342812242774,15.244334000691307,8.19342812242774,15.244334000691307,"{""center_ln_a"": -1.252762968495368, ""center_z"": 2.5, ""width_ln_a"": 0.12873949579831934}"
desi_dr2_pp,fig_reconstruct,evidence_weighted_support,tomographic_3_bins,tomographic,3,3,0.37023203337717153,0.38664229610740714,0.8926757453073243,0.9100000000000001,0.11738395805310109,0.52277604589447,0.5811424750988522,0.01535387870530398,0.028745387825664815,0.42855185678958074,0.14285061892986026,29.267999416823535,39.84435823421889,29.267999416823535,39.84435823421889,"{""n_bins"": 3.0}"
desi_dr2_pp,fig_reconstruct,evidence_weighted_support,tomographic_5_bins,tomographic,5,5,0.2542039049746517,0.2624740573466401,0.8926757453073243,0.4900000000000002,0.043222061627349984,0.622188875708902,0.6596062284531187,0.004713916031872639,0.04913512335526631,0.7366514855905357,0.14733029711810713,20.722920622815728,38.350185318474644,20.722920622815728,38.350185318474644,"{""n_bins"": 5.0}"
desi_dr2_union3,fig_reconstruct,signed_history,zero_coupling,zero,0,0,0.4780234243328095,0.4227446805299333,1.0,0.18,1.247635726353481,0.0,0.0,0.45261455525606487,0.21225466003568585,0.0,0.0,360.07699415108397,360.07699415108397,360.07699415108397,360.07699415108397,{}
desi_dr2_union3,fig_reconstruct,signed_history,retained_gamma,retained,0,2,0.81341845958671,0.8151251628487779,1.4713560513233213,1.86,0.1577474445005922,0.4526408997753295,0.5064551004036375,1.0709076442790868,0.9003209626054312,-2.7178537082346232,-2.7178537082346232,1338.7135879545842,1338.7135879545842,1342.7135879545842,1349.7644938328478,{}
desi_dr2_union3,fig_reconstruct,signed_history,logistic_transition,transition,2,2,0.14716311858890244,0.138066793191478,0.6037735849056602,0.18,0.009911416042951426,0.7780176164870514,0.8156006809525964,0.10954429378710862,0.05895701014435149,0.8933349422936688,0.4466674711468344,42.407633359847644,49.458539238111214,42.407633359847644,49.458539238111214,"{""center_ln_a"": -0.7203387068848366, ""center_z"": 1.0551291791747825, ""width_ln_a"": 1.8}"
desi_dr2_union3,fig_reconstruct,signed_history,gaussian_ln_a,smooth_pulse,2,2,0.8027865068201533,0.8130011948173671,1.3951033789510858,1.54,0.16637043944442853,0.4365143394921933,0.5134158101773431,1.0440964355505606,0.9214568104312609,-2.6985037612321543,-1.3492518806160771,1335.7461172009525,1342.7970230792162,1335.7461172009525,1342.7970230792162,{}
desi_dr2_union3,fig_reconstruct,signed_history,logistic_pulse,smooth_pulse,2,2,0.7997583861365758,0.808127114128552,1.4059913887276636,1.54,0.16510941211960528,0.44131463317631353,0.5148688409899868,1.0414567988417613,0.909390160609391,-2.6542903726451312,-1.3271451863225656,1319.8258931373034,1326.876799015567,1319.8258931373034,1326.876799015567,{}
desi_dr2_union3,fig_reconstruct,signed_history,tomographic_3_bins,tomographic,3,3,0.28706747038041874,0.2941310047324732,0.6037735849056602,0.18,0.013924702421175272,0.6331737939853251,0.7002856741551635,0.2452052698393663,0.18758888720094616,0.5159108933338161,0.1719702977779387,180.30935042964296,190.8857092470383,180.30935042964296,190.8857092470383,"{""n_bins"": 3.0}"
desi_dr2_union3,fig_reconstruct,signed_history,tomographic_5_bins,tomographic,5,5,0.25336196308195236,0.2553533427904971,0.6037735849056602,0.18,0.007122294675928842,0.6685600808524309,0.7006196339859959,0.21873774160300613,0.20398346680929613,0.6351395478288073,0.12702790956576146,141.3778549024084,159.0051195980673,141.3778549024084,159.0051195980673,"{""n_bins"": 5.0}"
desi_dr2_union3,fig_reconstruct,positive_support,zero_coupling,zero,0,0,0.4665657010430008,0.4665657010430008,1.0,2.15,1.8960537960197918,0.0,0.0,0.0,0.061818181818181814,0.0,0.0,54.63857190082645,54.63857190082645,54.63857190082645,54.63857190082645,{}
desi_dr2_union3,fig_reconstruct,positive_support,retained_gamma,retained,0,2,0.5321528432375578,0.5321528432375578,0.8365083414684445,0.10999999999999988,0.4906706251657189,0.40482535341567794,0.6831101910340198,0.6182906888869437,0.7178892988651023,-0.3009097111658747,-0.3009097111658747,71.07984879002001,71.07984879002001,75.07984879002001,82.13075466828357,{}
desi_dr2_union3,fig_reconstruct,positive_support,logistic_transition,transition,2,2,0.12571455044698443,0.12571455044698443,0.3914355609476535,0.3500000000000001,0.006312260017036886,0.7697212516010005,0.8193315867246503,0.04412937621801269,0.08313175915487671,0.9273985197871555,0.46369925989357774,7.966841196715935,15.017747074979502,7.966841196715935,15.017747074979502,"{""center_ln_a"": -1.054408831816935, ""center_z"": 1.8702778353176095, ""width_ln_a"": 0.17310924369747901}"
desi_dr2_union3,fig_reconstruct,positive_support,gaussian_ln_a,smooth_pulse,2,2,0.13837502338297594,0.13837502338297594,0.48964328037611293,0.3500000000000001,0.03975298930177895,0.7737177693678131,0.7976042939415541,0.01903426534753754,0.05533382912198634,0.9120390732415294,0.4560195366207647,8.806059421156023,15.85696529941959,8.806059421156023,15.85696529941959,"{""center_ln_a"": -1.252762968495368, ""center_z"": 2.5, ""width_ln_a"": 0.2618487394957983}"
desi_dr2_union3,fig_reconstruct,positive_support,logistic_pulse,smooth_pulse,2,2,0.13790213553166894,0.13790213553166894,0.44727767814264063,0.3500000000000001,0.035658284221614656,0.7593390537040752,0.8041376573464591,0.030181858187915838,0.06675530542770713,0.912639247715025,0.4563196238575125,8.773266745032892,15.824172623296459,8.773266745032892,15.824172623296459,"{""center_ln_a"": -1.252762968495368, ""center_z"": 2.5, ""width_ln_a"": 0.15831932773109245}"
desi_dr2_union3,fig_reconstruct,positive_support,tomographic_3_bins,tomographic,3,3,0.294558048421496,0.294558048421496,0.7054545454545456,0.8399999999999999,0.08395353479882628,0.5942977419042942,0.6754275427542754,0.07276870866258761,0.13229542997220678,0.6014193881954193,0.2004731293984731,27.77787541635998,38.354234233755335,27.77787541635998,38.354234233755335,"{""n_bins"": 3.0}"
desi_dr2_union3,fig_reconstruct,positive_support,tomographic_5_bins,tomographic,5,5,0.21025504686853247,0.21025504686853247,0.6363636363636364,0.41999999999999993,0.025927034712655006,0.6899977541977587,0.738799891064555,0.023901392617380415,0.09298903666444416,0.7969199599818229,0.15938399199636458,21.096003368155884,38.7232680638148,21.096003368155884,38.7232680638148,"{""n_bins"": 5.0}"
desi_dr2_union3,fig_reconstruct,evidence_weighted_support,zero_coupling,zero,0,0,0.43209981467370345,0.48080487475861555,1.0,2.15,1.957924023847373,0.0,0.0,0.0,0.027129716699664196,0.0,0.0,46.99630522527163,46.99630522527163,46.99630522527163,46.99630522527163,{}
desi_dr2_union3,fig_reconstruct,evidence_weighted_support,retained_gamma,retained,0,2,0.5804886427603902,0.5251167278236515,0.8794379988483652,0.10999999999999988,0.5525408529933,0.35030203558153267,0.6326773362775535,0.6182906888869437,0.7525777639836201,-0.19281744443852245,-0.19281744443852245,56.05801269686128,56.05801269686128,60.05801269686128,67.10891857512485,{}
desi_dr2_union3,fig_reconstruct,evidence_weighted_support,logistic_transition,transition,2,2,0.14028798130140838,0.1362274007984383,0.5898896322977487,0.3500000000000001,0.03692129901098484,0.7345150290356091,0.7873332415269297,0.0346025494068857,0.06762336968480094,0.9197229848199459,0.4598614924099729,7.772723107975587,14.823628986239154,7.772723107975587,14.823628986239154,"{""center_ln_a"": -1.1170469802417031, ""center_z"": 2.055816978393517, ""width_ln_a"": 0.17310924369747901}"
desi_dr2_union3,fig_reconstruct,evidence_weighted_support,gaussian_ln_a,smooth_pulse,2,2,0.15363732711343442,0.15130515111665904,0.6821061201705689,0.3500000000000001,0.053963615321258596,0.750557347886457,0.7709775494076823,0.004957275542215796,0.026494842172658028,0.9009693333009663,0.45048466665048315,8.654075438849933,15.7049813171135,8.654075438849933,15.7049813171135,"{""center_ln_a"": -1.252762968495368, ""center_z"": 2.5, ""width_ln_a"": 0.21747899159663867}"
desi_dr2_union3,fig_reconstruct,evidence_weighted_support,logistic_pulse,smooth_pulse,2,2,0.15105579622777507,0.14821346807372285,0.6641904984649475,0.3500000000000001,0.013644173073154464,0.7404635963644441,0.772906667195317,0.01945012200117569,0.04532477769978332,0.9049750576881253,0.4524875288440626,8.465821192902693,15.51672707116626,8.465821192902693,15.51672707116626,"{""center_ln_a"": -1.252762968495368, ""center_z"": 2.5, ""width_ln_a"": 0.14352941176470588}"
desi_dr2_union3,fig_reconstruct,evidence_weighted_support,tomographic_3_bins,tomographic,3,3,0.3415904851031444,0.33355709253706317,0.8794431818181818,0.8399999999999999,0.10704146885239219,0.550559941415455,0.6255682343258991,0.039841083378181485,0.07589441896728233,0.518714658213889,0.1729048860712963,28.61863282302925,39.194991640424604,28.61863282302925,39.194991640424604,"{""n_bins"": 3.0}"
desi_dr2_union3,fig_reconstruct,evidence_weighted_support,tomographic_5_bins,tomographic,5,5,0.2356866629085163,0.22498123584099322,0.8794431818181818,0.41999999999999993,0.035437416093617724,0.6551063603682749,0.7000744103880221,0.009413456242412039,0.05917314493589606,0.7810449976739906,0.1562089995347981,20.290076119913195,37.91734081557211,20.290076119913195,37.91734081557211,"{""n_bins"": 5.0}"
desy5_bin30,fig_bin30,signed_history,zero_coupling,zero,0,0,0.6339018713060484,0.5845797601106864,1.0,0.0,1.304198259757645,0.0,0.0,0.5550284900284901,0.2378315476907026,0.0,0.0,632.2599366395034,632.2599366395034,632.2599366395034,632.2599366395034,{}
desy5_bin30,fig_bin30,signed_history,retained_gamma,retained,0,2,0.8180001735787837,0.8233850520417801,1.4072603120414664,2.04,0.10118491109642824,0.5630388522495036,0.7354132606020063,1.1718400975700307,0.9234848342944159,-0.9838937417554159,-0.9838937417554159,1254.3365314617865,1254.3365314617865,1258.3365314617865,1265.3874373400502,{}
desy5_bin30,fig_bin30,signed_history,logistic_transition,transition,2,2,0.029985637659451433,0.026358314235990055,0.07677951866165977,0.0,0.0309053932039558,0.9623954924796928,0.9635393598096889,0.01871386156557528,0.00966292433590471,0.997966951622725,0.4989834758113625,5.285415038200985,12.336320916464551,5.285415038200985,12.336320916464551,"{""center_ln_a"": -0.6785799412683243, ""center_z"": 0.97107669920794, ""width_ln_a"": 0.2618487394957983}"
desy5_bin30,fig_bin30,signed_history,gaussian_ln_a,smooth_pulse,2,2,0.805140278044671,0.8181816061546577,1.3190308262517723,1.72,0.10980790604026458,0.54571837941771,0.7455207672036879,1.1450288888415043,0.9446206821202454,-0.9588982309912251,-0.47944911549561253,1242.5328714097473,1249.5837772880109,1242.5328714097473,1249.5837772880109,{}
desy5_bin30,fig_bin30,signed_history,logistic_pulse,smooth_pulse,2,2,0.8032377613281942,0.8134142463537565,1.337334897827636,1.72,0.10854687871544133,0.5506758960396331,0.7476306840094024,1.1423892521327053,0.9325540322983754,-0.9361366212246047,-0.46806831061230236,1228.1416174608908,1235.1925233391544,1228.1416174608908,1235.1925233391544,{}
desy5_bin30,fig_bin30,signed_history,tomographic_3_bins,tomographic,3,3,0.23041785391642627,0.24819508603394325,0.46110938836163323,0.0,0.01321216233259248,0.7675483662581443,0.8766898013760469,0.18334390463435304,0.21700628642406763,0.819740231891631,0.273246743963877,119.97102956284893,130.54738838024429,119.97102956284893,130.54738838024429,"{""n_bins"": 3.0}"
desy5_bin30,fig_bin30,signed_history,tomographic_5_bins,tomographic,5,5,0.11936724085716702,0.12713324313094587,0.27835791298580714,0.0,0.0001812880813520934,0.8656326283520346,0.9118700123947405,0.09622106242309895,0.15696574957184495,0.9527033150058768,0.19054066300117536,39.90379905764289,57.53106375330181,39.90379905764289,57.53106375330181,"{""n_bins"": 5.0}"
desy5_bin30,fig_bin30,positive_support,zero_coupling,zero,0,0,0.5719188997873577,0.5719188997873577,1.0,2.5,1.9150381046781824,0.0,0.0,0.0008695652173913032,0.055207499175655934,0.0,0.0,82.0998982114294,82.0998982114294,82.0998982114294,82.0998982114294,{}
desy5_bin30,fig_bin30,positive_support,retained_gamma,retained,0,2,0.4883535529895022,0.4883535529895022,0.826490764808727,0.45999999999999996,0.5096549338241094,0.4986597169538688,0.8606303796958397,0.6174211236695524,0.7244999815076283,0.2708786651850966,0.2708786651850966,59.860787372085106,59.860787372085106,63.860787372085106,70.91169325034868,{}
desy5_bin30,fig_bin30,positive_support,logistic_transition,transition,2,2,0.0314947934458465,0.0314947934458465,0.10576185296887435,0.0,0.02052567668592431,0.945961146509472,0.9758393633404334,0.022816126187186928,0.03892839898506222,0.9969674453807219,0.49848372269036095,4.2489724255633305,11.299878303826898,4.2489724255633305,11.299878303826898,"{""center_ln_a"": -0.8873737693508856, ""center_z"": 1.4287428294695692, ""width_ln_a"": 0.09915966386554623}"
desy5_bin30,fig_bin30,positive_support,gaussian_ln_a,smooth_pulse,2,2,0.04067152797622949,0.04067152797622949,0.11179926415538875,0.20999999999999996,0.012285090068770765,0.927168930267845,0.9641839142887986,0.023562769784003627,0.041721873372838225,0.9949427772845835,0.49747138864229173,4.415197470168226,11.466103348431792,4.415197470168226,11.466103348431792,"{""center_ln_a"": -1.1901248200705996, ""center_z"": 2.2874915266990006, ""width_ln_a"": 0.24705882352941178}"
desy5_bin30,fig_bin30,positive_support,logistic_pulse,smooth_pulse,2,2,0.05330202437976507,0.05330202437976507,0.1504245898077957,0.25,0.04408279777014168,0.9047256133015102,0.9607818285700219,0.04618388185130897,0.07088426627097376,0.9913140263010829,0.49565701315054145,4.713117556548249,11.764023434811815,4.713117556548249,11.764023434811815,"{""center_ln_a"": -1.1796851286664716, ""center_z"": 2.253349655053443, ""width_ln_a"": 0.15831932773109245}"
desy5_bin30,fig_bin30,positive_support,tomographic_3_bins,tomographic,3,3,0.19687940882611837,0.19687940882611837,0.5752508361204014,1.19,0.08541775918157324,0.7452961823193609,0.8534222987516141,0.0566800089400004,0.10402740540683583,0.881496358479093,0.293832119493031,15.729136906550185,26.305495723945537,15.729136906550185,26.305495723945537,"{""n_bins"": 3.0}"
desy5_bin30,fig_bin30,positive_support,tomographic_5_bins,tomographic,5,5,0.10639952179098705,0.10639952179098705,0.3465045336534609,0.77,0.030080130811535044,0.8483564236644051,0.8965201810057741,0.013536272442313941,0.0696632328411712,0.9653892942685834,0.1930778588537167,12.841535417575033,30.468800113233947,12.841535417575033,30.468800113233947,"{""n_bins"": 5.0}"
desy5_bin30,fig_bin30,evidence_weighted_support,zero_coupling,zero,0,0,0.518967923061534,0.5878274610962054,0.9933554817275747,2.5,1.9936806268888885,0.0,0.0,3.400691380231013e-05,0.01431078261691069,0.0,0.0,66.47470964969317,66.47470964969317,66.47470964969317,66.47470964969317,{}
desy5_bin30,fig_bin30,evidence_weighted_support,retained_gamma,retained,0,2,0.5474424999932195,0.46814503182817163,0.8384027988145879,0.45999999999999996,0.5882974560348155,0.42263296289925667,0.7913106023166809,0.6182566819731414,0.7653966980663736,0.36574909441612813,0.36574909441612813,42.16164479374284,42.16164479374284,46.16164479374284,53.2125506720064,{}
desy5_bin30,fig_bin30,evidence_weighted_support,logistic_transition,transition,2,2,0.02211344477560993,0.016249422452717332,0.058810836477500614,0.0,0.02435762130603658,0.9580954952059926,0.9839250262887448,0.010905682516744262,0.029528685453871557,0.9992358543985274,0.4996179271992637,4.0507963569879815,11.10170223525155,4.0507963569879815,11.10170223525155,"{""center_ln_a"": -0.9708913005839103, ""center_z"": 1.6402967089160794, ""width_ln_a"": 0.09915966386554623}"
desy5_bin30,fig_bin30,evidence_weighted_support,gaussian_ln_a,smooth_pulse,2,2,0.026511008649162976,0.019914665732240006,0.0683560841860573,0.06999999999999984,0.026693413080498773,0.9501169677395094,0.9791921471277326,0.010617713602582768,0.03318352088525987,0.998852252644738,0.499426126322369,4.0762961721922455,11.127202050455812,4.0762961721922455,11.127202050455812,"{""center_ln_a"": -1.231883585687112, ""center_z"": 2.427679788170546, ""width_ln_a"": 0.23226890756302523}"
desy5_bin30,fig_bin30,evidence_weighted_support,logistic_pulse,smooth_pulse,2,2,0.038507165485116936,0.027805426385650502,0.09504412271406508,0.10999999999999988,0.047264434954813916,0.9223103679870838,0.970957830321806,0.02403620917546156,0.05583365249817607,0.9977625188935667,0.49888125944678335,4.148735906896831,11.199641785160397,4.148735906896831,11.199641785160397,"{""center_ln_a"": -1.221443894282984, ""center_z"": 2.3920820071817994, ""width_ln_a"": 0.14352941176470588}"
desy5_bin30,fig_bin30,evidence_weighted_support,tomographic_3_bins,tomographic,3,3,0.26509896898886764,0.2572629487545665,0.7807189275906137,1.19,0.12125699984957317,0.6877146476918657,0.7838192526260127,0.02266423674305664,0.04071661672476238,0.8084620897445142,0.2694873632481714,18.73242697114241,29.30878578853776,18.73242697114241,29.30878578853776,"{""n_bins"": 3.0}"
desy5_bin30,fig_bin30,evidence_weighted_support,tomographic_5_bins,tomographic,5,5,0.12883690431583014,0.12803055483631992,0.3973995443749696,0.77,0.041167544911840936,0.8100767874045706,0.8512518099643341,0.0026711543608466445,0.04000178228726781,0.9525618751798597,0.19051237503597193,13.153435573744728,30.780700269403646,13.153435573744728,30.780700269403646,"{""n_bins"": 5.0}"
desy5_zmax,fig_zmax,signed_history,zero_coupling,zero,0,0,0.7777970507244352,0.7002930638500208,1.0,0.0,2.5362836135983122,0.0,0.0,0.5654146444397553,0.24459341741468768,0.0,0.0,833.993147711031,833.993147711031,833.993147711031,833.993147711031,{}
desy5_zmax,fig_zmax,signed_history,retained_gamma,retained,0,2,0.6287198079835022,0.6955436301158335,1.406087914497062,2.034,0.2724797640574401,0.6816107791551431,0.7925106282125749,1.1799217568526335,0.9228911647323866,0.013518135455435232,0.013518135455435232,822.7191153713685,822.7191153713685,826.7191153713685,833.7700212496321,{}
desy5_zmax,fig_zmax,signed_history,logistic_transition,transition,2,2,0.04118563505534455,0.03568309150790004,0.10130529218075068,4.5,0.05765918426699912,0.9542864817674842,0.9629365693725584,0.04331116606421154,0.021876083472291787,0.9974036376802929,0.49870181884014647,6.165348383610799,13.216254261874365,6.165348383610799,13.216254261874365,"{""center_ln_a"": -0.68189923689537, ""center_z"": 0.9776301558892315, ""width_ln_a"": 0.21747899159663867}"
desy5_zmax,fig_zmax,signed_history,gaussian_ln_a,smooth_pulse,2,2,0.6272075653321028,0.6966967808250961,1.3224193879270123,1.71,0.3111859039608178,0.6451502612650659,0.7588770440514212,1.1530728361278932,0.94380521388549,0.010244422054825564,0.005122211027412782,829.4493699150468,836.5002757933104,829.4493699150468,836.5002757933104,{}
desy5_zmax,fig_zmax,signed_history,logistic_pulse,smooth_pulse,2,2,0.6273954297036997,0.6933922372797435,1.337265044178147,1.71,0.3172914638256148,0.6434104939339343,0.7528382681981072,1.150535098951319,0.9316753662977612,0.01961129095447789,0.009805645477238945,821.6374654372291,828.6883713154928,821.6374654372291,828.6883713154928,{}
desy5_zmax,fig_zmax,signed_history,tomographic_3_bins,tomographic,3,3,0.2090259182353738,0.24380577014773783,0.6823847681202795,2.1239999999999997,0.031211022762707596,0.8188229319396825,0.8691032200537249,0.2863474941845257,0.39682616665946185,0.878792830343722,0.2929309434479073,107.08594894678428,117.66230776417964,107.08594894678428,117.66230776417964,"{""n_bins"": 3.0}"
desy5_zmax,fig_zmax,signed_history,tomographic_5_bins,tomographic,5,5,0.1321171487151951,0.15606128495461868,0.39774881279915175,2.916,0.011516620147052237,0.8744765728763355,0.9146137604641922,0.15088279271745733,0.204660869500386,0.9503372565314152,0.19006745130628305,51.41838774933047,69.04565244498939,51.41838774933047,69.04565244498939,"{""n_bins"": 5.0}"
desy5_zmax,fig_zmax,positive_support,zero_coupling,zero,0,0,0.7584639128968051,0.7584639128968051,1.0,4.356,2.988623662935474,0.0,0.0,0.001906257008297822,0.05317393229481141,0.0,0.0,144.39214429884984,144.39214429884984,144.39214429884984,144.39214429884984,{}
desy5_zmax,fig_zmax,positive_support,retained_gamma,retained,0,2,0.4090029589424867,0.4090029589424867,0.8182489174587874,2.322,0.724819813394602,0.6195863404409958,0.7888988312014569,0.6161876137920969,0.725187576648795,0.7092075976138437,0.7092075976138437,41.98813852635109,41.98813852635109,45.98813852635109,53.03904440461466,{}
desy5_zmax,fig_zmax,positive_support,logistic_transition,transition,2,2,0.03100008128467538,0.03100008128467538,0.12692031605563478,0.14400000000000013,0.025830621700383194,0.9693431943973129,0.9866675369539072,0.03645621653994898,0.0584909671688993,0.9983294640707424,0.4991647320353712,4.241212264953776,11.292118143217344,4.241212264953776,11.292118143217344,"{""center_ln_a"": -0.9091989825271601, ""center_z"": 1.482333344421324, ""width_ln_a"": 0.12873949579831934}"
desy5_zmax,fig_zmax,positive_support,gaussian_ln_a,smooth_pulse,2,2,0.072610213932652,0.072610213932652,0.20974046336150898,1.044,0.07142855567433815,0.9172204021394406,0.9505036419356366,0.08260761847316458,0.12835375852113126,0.9908351452121605,0.49541757260608027,5.323333035003719,12.374238913267286,5.323333035003719,12.374238913267286,"{""center_ln_a"": -1.4632421125046484, ""center_z"": 3.3199425886555716, ""width_ln_a"": 0.4541176470588235}"
desy5_zmax,fig_zmax,positive_support,logistic_pulse,smooth_pulse,2,2,0.08919506867951141,0.08919506867951141,0.2250971793570202,1.044,0.08784652202472998,0.8947351228553111,0.9363212469061483,0.11017811696756971,0.14757220601974777,0.9861703291466506,0.4930851645733253,5.996895829462432,13.047801707725998,5.996895829462432,13.047801707725998,"{""center_ln_a"": -1.4632421125046484, ""center_z"": 3.3199425886555716, ""width_ln_a"": 0.2914285714285714}"
desy5_zmax,fig_zmax,positive_support,tomographic_3_bins,tomographic,3,3,0.16253822299586107,0.16253822299586107,0.4689760348583879,2.232,0.07286011728957087,0.863885071656271,0.9131019783671729,0.10696317965525652,0.23542670454111958,0.9540758454014417,0.31802528180048056,12.631087157597719,23.20744597499307,12.631087157597719,23.20744597499307,"{""n_bins"": 3.0}"
desy5_zmax,fig_zmax,positive_support,tomographic_5_bins,tomographic,5,5,0.08959725908576205,0.08959725908576205,0.3872931826585796,1.44,0.02358270589883915,0.926941276836889,0.9493996610061529,0.008873561372411668,0.08503152471954395,0.9860453289371087,0.19720906578742176,12.014944877755973,29.64220957341489,12.014944877755973,29.64220957341489,"{""n_bins"": 5.0}"
desy5_zmax,fig_zmax,evidence_weighted_support,zero_coupling,zero,0,0,0.6887366342013349,0.7319526816750495,0.918591260955793,2.952,3.0075819591760884,0.0,0.0,0.00010623426989369687,0.01458241296679641,0.0,0.0,115.25043710271052,115.25043710271052,115.25043710271052,115.25043710271052,{}
desy5_zmax,fig_zmax,evidence_weighted_support,retained_gamma,retained,0,2,0.42373468054847946,0.3570991655282731,0.835131463563163,0.9180000000000001,0.7437781096352163,0.6114776412693858,0.8170123044749121,0.6179876365305008,0.76377909597681,0.7619809825165063,0.7619809825165063,27.431795803730356,27.431795803730356,31.431795803730356,38.48270168199392,{}
desy5_zmax,fig_zmax,evidence_weighted_support,logistic_transition,transition,2,2,0.0837275226736077,0.07863964640103933,0.535036496350365,1.548,0.019018459794490905,0.9067326677783418,0.9228942275345606,0.025380461454394074,0.06148220102625956,0.9884570426345514,0.4942285213172757,5.330330881825903,12.38123676008947,5.330330881825903,12.38123676008947,"{""center_ln_a"": -0.9660239189351076, ""center_z"": 1.627476602653204, ""width_ln_a"": 0.12873949579831934}"
desy5_zmax,fig_zmax,evidence_weighted_support,gaussian_ln_a,smooth_pulse,2,2,0.06719335642543262,0.05886683883365427,0.2515681209152206,0.1259999999999999,0.05612122554322552,0.910306708493437,0.9376998467781523,0.04028161431427336,0.092181630605042,0.9935319194926437,0.4967659597463219,4.745449105688328,11.796354983951895,4.745449105688328,11.796354983951895,"{""center_ln_a"": -1.4064171760967008, ""center_z"": 3.0813065749004034, ""width_ln_a"": 0.36537815126050416}"
desy5_zmax,fig_zmax,evidence_weighted_support,logistic_pulse,smooth_pulse,2,2,0.08323925093927682,0.06859886788119789,0.243737267761855,0.1259999999999999,0.1045874478276354,0.8902949386685768,0.9363634795044002,0.0796860256751504,0.14232201836938163,0.9912164943643276,0.4956082471821638,5.012302863805362,12.06320874206893,5.012302863805362,12.06320874206893,"{""center_ln_a"": -1.4064171760967008, ""center_z"": 3.0813065749004034, ""width_ln_a"": 0.24705882352941178}"
desy5_zmax,fig_zmax,evidence_weighted_support,tomographic_3_bins,tomographic,3,3,0.1846533484149184,0.15794855657232856,0.535036496350365,0.8280000000000003,0.04809882618163064,0.7928878753602768,0.8456383287612478,0.09383051779928013,0.23443335583196032,0.953434388518466,0.31781146283948863,11.366707077201792,21.943065894597144,11.366707077201792,21.943065894597144,"{""n_bins"": 3.0}"
desy5_zmax,fig_zmax,evidence_weighted_support,tomographic_5_bins,tomographic,5,5,0.13871076430359594,0.12978773928869108,0.535036496350365,0.03600000000000003,0.01670858954005805,0.841860113309409,0.864037557260436,0.006002150009233436,0.0884872846629125,0.9685586400218836,0.19371172800437672,13.623630480581578,31.250895176240494,13.623630480581578,31.250895176240494,"{""n_bins"": 5.0}"
