z,E_LCDM,E_V1,E_V2,dmu_V1,dmu_V2
0.0,1.0,0.9999999999999999,1.0,nan,nan
0.012024048096192385,1.0057357040317567,1.0008962386461473,1.0057357040317927,0.005228366212122637,-3.552713678800501e-14
0.02404809619238477,1.0115756571619225,1.0018132250789755,1.0115756571620147,0.010484006898330733,-9.237055564881302e-14
0.036072144288577156,1.0175196807982734,1.002751159129993,1.0175196807984526,0.015769547648503135,-1.4921397450962104e-13
0.04809619238476954,1.0235675687388646,1.0037102386030217,1.0235675687391772,0.021083843104847233,-2.4868995751603507e-13
0.06012024048096192,1.0297190881770812,1.004690659242233,1.029719088177597,0.02642574572439571,-3.694822225952521e-13
0.07214428857715431,1.0359739807113264,1.0056926147006262,1.0359739807121482,0.03179410699580387,-5.400124791776761e-13
0.0841683366733467,1.0423319633568469,1.0067162965089826,1.0423319633581252,0.03718777862268041,-7.744915819785092e-13
0.09619238476953908,1.0487927295572972,1.0077618940453152,1.04879272955925,0.042605613671817366,-1.0871303857129533e-12
0.10821643286573146,1.055355950193746,1.0088295945048442,1.0553559501966876,0.048046467684663696,-1.5134560271690134e-12
0.12024048096192384,1.0620212745889501,1.0099195828705174,1.0620212745933284,0.053509199750870096,-2.1032064978498966e-12
0.13226452905811623,1.0687883315048303,1.0110320418841077,1.0687883315112792,0.05899267354261184,-2.8848035071860068e-12
0.14428857715430862,1.0756567301312114,1.0121671520179054,1.0756567301406204,0.06449575830882281,-3.943512183468556e-12
0.156312625250501,1.0826260610640055,1.013325091447037,1.0826260610776128,0.0700173298285236,-5.364597654988756e-12
0.1683366733466934,1.0896958972711435,1.0145060360224316,1.0896958972906623,0.07555627132273202,-7.268852186825825e-12
0.18036072144288576,1.0968657950446892,1.0157101592444584,1.0968657950724705,0.08111147432443033,-9.798384326131782e-12
0.19238476953907815,1.104135294937687,1.0169376322372685,1.1041352949769352,0.08668183950634756,-1.3145040611561853e-11
0.20440881763527055,1.1115039226844228,1.018188623723856,1.111503922739476,0.09226627746652127,-1.7571721855347278e-11
0.21643286573146292,1.1189711901028994,1.019463300001874,1.118971190179593,0.0978637094716106,-2.3383961433864897e-11
0.22845691382765532,1.1265365959784455,1.0207618249202253,1.1265365960845777,0.10347306815810953,-3.100097956121317e-11
0.24048096192384769,1.1341996269274974,1.0220843598564626,1.1341996270734265,0.10909329819180869,-4.0898839870351367e-11
0.25250501002004005,1.1419597582407022,1.0234310636950186,1.1419597584401047,0.114723356885861,-5.375255796025158e-11
0.26452905811623245,1.149816454704607,1.0248020928063024,1.1498164549754355,0.12036221477813314,-7.034373084024992e-11
0.27655310621242485,1.157769171401299,1.026197601026693,1.157769171766987,0.1260088561681485,-9.168843462248333e-11
0.28857715430861725,1.1658173544854704,1.0276177396394597,1.1658173549764377,0.13166227961466603,-1.1901590823981678e-10
0.30060120240480964,1.1739604419384726,1.0290626573566481,1.1739604425939993,0.13732149839455587,-1.538467131467769e-10
0.312625250501002,1.182197864299023,1.0305325003019707,1.182197865169567,0.1429855409236751,-1.9808510387520073e-10
0.3246492985971944,1.1905290453703106,1.0320274119947426,1.1905290465203655,0.14865345114100137,-2.54033238888951e-10
0.3366733466933868,1.198953402903336,1.0335475333349036,1.19895340441493,0.15432428885671357,-3.2449065656692255e-10
0.3486973947895792,1.2074703492563954,1.0350930025891838,1.2074703512333667,0.1599971300654488,-4.128892783228366e-10
0.3607214428857715,1.216079292030688,1.0366639553784573,1.2160792946038743,0.16567106722563096,-5.233573574514594e-10
0.3727454909819639,1.2247796346821063,1.03826052466635,1.224779638015627,0.17134520950617826,-6.60861587675754e-10
0.3847695390781563,1.233570777109317,1.0398828407491594,1.2335707814081385,0.17701868300150636,-8.314060551128932e-10
0.3967935871743487,1.2424521162183118,1.041531031247163,1.2424521217373241,0.1826906309161842,-1.042153030539339e-09
0.4088176352705411,1.2514230464636507,1.0432052210973903,1.251423053518516,0.1883602137202658,-1.30163613221157e-09
0.42084168336673344,1.2604829603666778,1.044905532547942,1.2604829693467416,0.1940266092764844,-1.6199876995415252e-09
0.43286573146292584,1.2696312490110262,1.046632085153955,1.269631260394632,0.19968901294058838,-2.009223010190908e-09
0.44488977955911824,1.2788673025157766,1.0483849957753149,1.278867316888358,0.20534663763589123,-2.4834818646013446e-09
0.45691382765531063,1.288190510486661,1.0501643785762276,1.2881905285620465,0.2109987139031162,-3.0594549116358394e-09
0.468937875751503,1.2976002624457434,1.0519703450267766,1.297600285091151,0.21664448992704166,-3.75666786567308e-09
0.48096192384769537,1.3070959482400342,1.0538030039066024,1.3070959765052992,0.2222832315406862,-4.597922043103608e-09
0.49298597194388777,1.316676958429511,1.0556624613108534,1.3166769935811504,0.22791422220829105,-5.6098485856637126e-09
0.5050100200400801,1.3263426846550568,1.0575488206585666,1.326342728215845,0.23353676298842174,-6.8232992589400965e-09
0.5170340681362725,1.336092519986826,1.0594621827036594,1.3360925737816283,0.23915017247793457,-8.274085416815069e-09
0.5290581162324649,1.3459258592535777,1.0614026455487227,1.3459259254622677,0.2447537867380305,-1.0003503803091007e-08
0.5410821643286573,1.355842099353509,1.0633703046618204,1.35584218057189,0.250346959203533,-1.2059160781063838e-08
0.5531062124248497,1.3658406395471607,1.0653652528965225,1.3658407388568905,0.25592906057610065,-1.44957326142503e-08
0.5651302605210421,1.3759208817329307,1.0673875805154125,1.375921002781559,0.261499478702639,-1.7375832328525576e-08
0.5771543086172345,1.3860822307057823,1.0694373752173263,1.3860823777981097,0.2670576184396154,-2.0771004471953347e-08
0.5891783567134269,1.3963240943996915,1.0715147221686068,1.3963242726017733,0.2726029015043565,-2.476276961260737e-08
0.6012024048096193,1.4066458841144163,1.0736197040386646,1.4066460993716443,0.27813476631406076,-2.9443867788359057e-08
0.6132264529058116,1.4170470147271372,1.07575240104017,1.41704727399797,0.2836526678134632,-3.491939537525468e-08
0.625250501002004,1.4275269048895403,1.0779128909742108,1.427527216296572,0.28915607729184245,-4.130827591097841e-08
0.6372745490981964,1.438084977210884,1.0801012492807753,1.438085350211086,0.2946444821902645,-4.874475934002476e-08
0.6492985971943888,1.4487206584276164,1.0823175490949437,1.4487211040037256,0.30011738589963954,-5.73800278402814e-08
0.6613226452905812,1.4594333795600638,1.084561861309187,1.459433910435244,0.3055743075504793,-6.738396507444122e-08
0.6733466933867736,1.4702225760567396,1.0868342546422003,1.4702232069348016,0.31101478179479614,-7.894702491739736e-08
0.685370741482966,1.4810876879267856,1.0891347957147155,1.4810884357604057,0.3164383585808821,-9.228230624103162e-08
0.6973947895791583,1.4920281598610643,1.0914635491327571,1.4920290441506192,0.32184460292167216,-1.0762775559669535e-07
0.7094188376753507,1.5030434413424016,1.0938205775788359,1.5030444844682023,0.32723309465695394,-1.2524845516281857e-07
0.721442885771543,1.5141329867454694,1.096205941911587,1.5141342143363643,0.33260342821023414,-1.4543924464760494e-07
0.7334669338677354,1.5252962554267875,1.0986197012743824,1.5252976967682816,0.3379552123406455,-1.6852726503202575e-07
0.7454909819639278,1.5365327118053087,1.1010619132134694,1.5365344002905374,0.34328806989029914,-1.9487498548187432e-07
0.7575150300601202,1.547841825434044,1.1035326338062084,1.5478437990611331,0.348601637527608,-2.2488310946755519e-07
0.7695390781563126,1.5592230710631578,1.106031917799992,1.559225372982693,0.353895565486944,-2.5899390720951487e-07
0.781563126252505,1.5706759286949745,1.108559818762457,1.570678607811508,0.3591695173050624,-2.976945481236726e-07
0.7935871743486974,1.5821998836312916,1.1111163892436082,1.5822029952630108,0.3644231695544775,-3.4152083827621027e-07
0.8056112224448898,1.5937944265134163,1.1137016809504923,1.5937980331143011,0.36965621157430206,-3.9106100047092696e-07
0.8176352705410822,1.6054590533552964,1.1163157449350691,1.6054632253043004,0.3748683451988839,-4.4695966749941363e-07
0.8296593186372745,1.6171932655701313,1.1189586317959428,1.6171980820321192,0.3800592844841475,-5.09922209346314e-07
0.8416833667334669,1.6289965699908109,1.121630391894621,1.6290021198541949,0.3852287554324576,-5.807191598705685e-07
0.8537074148296593,1.6408684788845367,1.1243310755869784,1.6408748617807485,0.3903764957156852,-6.601909348091795e-07
0.8657314629258517,1.652808509961956,1.1270607334706033,1.6528158373720963,0.39550225439717224,-7.492526918895237e-07
0.8777555110220441,1.6648161863811262,1.129819416648711,1.6648245828353214,0.4006057916523531,-8.488995106858965e-07
0.8897795591182365,1.6768910367466194,1.132607177011297,1.676900641121817,0.4056868784886092,-9.602117430063117e-07
0.9018036072144289,1.6890325951040657,1.13542406753421,1.6890435620261661,0.4107452964641922,-1.08436058354755e-06
0.9138276553106213,1.7012404009304083,1.1382701425967985,1.7012529022868268,0.415780837406615,-1.222613889240165e-06
0.9258517034068137,1.7135139991201542,1.1411454583187903,1.7135282256890554,0.42079330313047336,-1.3763422330725916e-06
0.937875751503006,1.7258529399678675,1.144050072917025,1.7258691031704847,0.4257825051548991,-1.547025156867221e-06
0.9498997995991983,1.7382567791471613,1.1469840470826542,1.7382751129297502,0.4307482644207994,-1.7362576585355782e-06
0.9619238476953907,1.7507250776864234,1.1499474443793785,1.75074584053853,0.43569041100786166,-1.945756920918029e-06
0.9739478957915831,1.7632574019414995,1.1529403316632711,1.7632808790573347,0.44060878385152336,-2.177369218259173e-06
0.9859719438877755,1.7758533235655518,1.155962779524679,1.7758798291553608,0.4455032304600124,-2.433077071373191e-06
0.9979959919839679,1.7885124194762987,1.1590148627526535,1.788542299234684,0.45037360663143744,-2.715006608866588e-06
1.0100200400801602,1.8012342718208338,1.1620966608223078,1.801267905559043,0.4552197761710701,-3.0254350988911938e-06
1.0220440881763526,1.814018467938199,1.165208258405414,1.8140562723874074,0.4600416106089611,-3.366798686954553e-06
1.034068136272545,1.8268646003199094,1.1683497459045027,1.8269070321125211,0.46483898891779063,-3.741700389525704e-06
1.0460921843687374,1.83977226656858,1.1715212200106204,1.8398198254045355,0.46961179723130897,-4.152918116062665e-06
1.0581162324649298,1.852741069354821,1.1747227842848134,1.8527943013598132,0.4743599285630964,-4.6034129823624426e-06
1.0701402805611222,1.8657706163725567,1.1779545497632986,1.865830117654952,0.4790832825260196,-5.09633775891416e-06
1.0821643286573146,1.8788605202929087,1.1812166355861549,1.878926940705997,0.48378176505235615,-5.635045404517314e-06
1.094188376753507,1.892010398716777,1.1845091696492351,1.8920844458327701,0.48845528811467176,-6.2230977420085765e-06
1.1062124248496994,1.905219874126253,1.1878322892788509,1.905302317428185,0.4931037694474796,-6.864274290308003e-06
1.1182364729458918,1.9184885738349842,1.1911861419286123,1.918580249132343,0.4977271322701071,-7.5625810609381006e-06
1.1302605210420842,1.93181612993761,1.1945708858976223,1.9319179440111427,0.5023253050103378,-8.322259652970843e-06
1.1422845691382766,1.945202179258366,1.1979866910690238,1.9453151147390446,0.5068982210296085,-9.147796070863023e-06
1.154308617234469,1.958646363298974,1.2014337396676809,1.958771483785572,0.5114458183493369,-1.0043929862035839e-05
1.1663326653306614,1.972148328185907,1.204912227035523,1.9722867836050277,0.5159680393789756,-1.1015663069713355e-05
1.1783567134268538,1.9857077246171202,1.2084223624228376,1.985860756828807,0.5204648306456718,-1.2068269228393547e-05
1.1903807615230462,1.9993242078083389,1.211964369793493,1.9994931564596077,0.524936142525938,-1.3207302224316209e-05
1.2024048096192386,2.012997437438975,1.2155384886417804,2.0131837460667055,0.5293819289794328,-1.44386051630363e-05
1.2144288577154307,2.02672707759776,1.2191449748182295,2.0269322999813686,0.5338021472851295,-1.5768319016729038e-05
1.2264529058116231,2.0405127967281564,1.2227841013613978,2.040738603491363,0.5381967577802484,-1.720289111517559e-05
1.2384769539078155,2.054354267573619,1.2264561593322547,2.05460245303335,0.5425657236020385,-1.874908345911308e-05
1.250501002004008,2.0682511671227655,1.2301614586473866,2.0685236563818887,0.5469090104329482,-2.041398072805123e-05
1.2625250501002003,2.082203176554519,1.2339003289068173,2.0825020328335633,0.5512265862493777,-2.2204998010977306e-05
1.2745490981963927,2.0962099811832706,1.2376731202117974,2.0965374133846577,0.5555184210745523,-2.4129888196000593e-05
1.2865731462925851,2.1102712704041258,1.241480203967448,2.1106296409006156,0.5597844867358077,-2.6196748919460333e-05
1.2985971943887775,2.1243867376382646,1.2453219736646621,2.124778570275391,0.564024756626857,-2.8414029046075484e-05
1.31062124248497,2.1385560802784718,1.2491988456351513,2.138984068578618,0.5682392054753151,-3.079053470855797e-05
1.3226452905811623,2.152778999634879,1.253111259773045,2.153246015188396,0.5724278091164337,-3.33354346366832e-05
1.3346693386773547,2.1670552008809505,1.2570596802158984,2.1675643019072965,0.5765905442731025,-3.605826493213726e-05
1.346693386773547,2.181384392999752,1.261044595977462,2.1819388330590694,0.5807273883430497,-3.8968933118610494e-05
1.3587174348697395,2.195766288730529,1.2650665215240429,2.196369525563344,0.5848383191939561,-4.207772131792353e-05
1.370741482965932,2.210200604515641,1.2691259972857916,2.210856308985515,0.5889233149667135,-4.539528867297804e-05
1.3827655310621243,2.2246870604478577,1.2732235900937607,2.225399125558824,0.592982353888118,-4.893267276884217e-05
1.3947895791583167,2.2392253802180573,1.2773598935331314,2.2399979301755537,0.5970154140932991,-5.2701290073287055e-05
1.406813627254509,2.253815291063348,1.281535528202599,2.25465269034414,0.6010224734590182,-5.67129351480844e-05
1.4188376753507015,2.268456523715631,1.2857511418695589,2.2693633861089193,0.6050035094481956,-6.097977896502016e-05
1.4308617234468937,2.283148812350623,1.2900074095104461,2.2841300099291826,0.6089584989671266,-6.551436564450341e-05
1.442885771543086,2.297891894537365,1.2943050332253891,2.2989525665141604,0.6128874182357151,-7.03296080288851e-05
1.4549098196392785,2.3126855111882225,1.2986447420162377,2.3138310726105953,0.6167902426718399,-7.543878179205876e-05
1.4669338677354709,2.3275294065093948,1.3030272914170447,2.328765556739597,0.6206669467906565,-8.085551804981606e-05
1.4789579158316633,2.3424233279519506,1.3074534629662327,2.3437560588795647,0.6245175041199502,-8.659379435727033e-05
1.4909819639278556,2.3573670261634,1.3119240635099882,2.358802630092138,0.6283418871320734,-9.266792402229385e-05
1.503006012024048,2.3723602549398044,1.3164399243268863,2.373905332088299,0.6321400671935606,-9.909254382023391e-05
1.5150300601202404,2.387402771178447,1.321001900064419,2.389064236732057,0.6359120145332966,-0.0001058825996693713
1.5270541082164328,2.4024943348310583,1.3256108674789537,2.4042794254794604,0.6396576982298825,-0.00011305333070055212
1.5390781563126252,2.4176347088576144,1.3302677239717204,2.419550988751087,0.6433770862190755,-0.00012062025120940234
1.5511022044088176,2.4328236591807095,1.3349733859147215,2.434879025236628,0.6470701453219476,-0.00012859913081797458
1.56312625250501,2.4480609546404954,1.3397287867619871,2.4502636411307503,0.6507368412944388,-0.00013700597245502877
1.5751503006012024,2.463346366950216,1.344534874943366,2.465704949300025,0.6543771388986244,-0.0001458569885670613
1.5871743486973948,2.47867967065232,1.3493926115400305,2.4812030683814164,0.6579910019964217,-0.0001551685750911247
1.5991983967935872,2.494060643075157,1.3543029677430987,2.4967581218135675,0.6615783936657564,-0.0001649572835091817
1.6112224448897796,2.509489064290266,1.3592669220992217,2.5123702368029655,0.665139276339417,-0.00017523979096978337
1.623246492985972,2.524964717070246,1.3642854575495988,2.5280395432279366,0.6686736119666321,-0.00018603286834917299
1.6352705410821644,2.540487386847225,1.3693595582716915,2.543766172484346,0.6721813621970725,-0.00019735334652182246
1.6472945891783568,2.5560568616719026,1.3744902063358164,2.5595502562778187,0.6756624885871219,-0.00020921808076934667
1.659318637274549,2.5716729321731857,1.3796783781918265,2.575391925368299,0.6791169528275702,-0.00022164391352674784
1.6713426853707414,2.587335391518411,1.384925041004131,2.5912913082737106,0.682544716992254,-0.00023464763545177902
1.6833667334669338,2.60304403537414,1.390231148856338,2.6072485299404384,0.6859457438064283,-0.00024824594514427645
1.6953907815631262,2.6187986618675465,1.3955976388497637,2.623263710389283,0.6893199969337545,-0.00026245540758651487
1.7074148296593186,2.6345990715483656,1.4010254271228535,2.6393369633463486,0.6926674412806832,-0.00027729241135432403
1.719438877755511,2.6504450673514244,1.406515404821151,2.6554683948691387,0.695988043316305,-0.00029277312504660813
1.7314629258517034,2.6663364545597377,1.4120684340497622,2.6716581019787644,0.6992817714059214,-0.00030891345304695506
1.7434869739478958,2.682273040768172,1.4176853438323087,2.6879061713059453,0.7025485961565394,-0.00032572899068128436
1.7555110220440882,2.6982546358476656,1.4233669261810415,2.7042126777889393,0.7057884907715106,-0.0003432349794252332
1.7675350701402806,2.714281051910003,1.429113932106804,2.7205776833565025,0.7090014314126094,-0.00036144626200496077
1.779559118236473,2.730352103273144,1.4349270679520971,2.737001235739516,0.7121873975665736,-0.0003803772379313841
1.7915831663326653,2.7464676064270965,1.4408069917378488,2.7534833672916204,0.7153463724133857,-0.00040004181965258567
1.8036072144288577,2.762627380000326,1.446754309767885,2.7700240939093486,0.7184783431937376,-0.00042045338965834844
1.8156312625250501,2.778831244726704,1.45276957345677,2.786623414036426,0.7215833015727569,-0.00044162475884235164
1.8276553106212425,2.79507902341298,1.4588532764238593,2.8032813077662095,0.7246612439972537,-0.0004635681262001867
1.839679358717435,2.811370540906781,1.4650058518841926,2.819997736051572,0.7277121720433684,-0.0004862950406021582
1.8517034068136273,2.827705624065125,1.4712276703634448,2.836772640030317,0.7307360927520605,-0.0005098163643069142
1.8637274549098197,2.844084101723443,1.4775190377608662,2.8536059404730207,0.7337330189497138,-0.0005341422390543471
1.875751503006012,2.8605058046651095,1.4838801937799166,2.8704975373587143,0.7367029695509046,-0.0005592820545388122
1.8877755511022043,2.8769705655914706,1.490311310741923,2.887447309582333,0.739645969841412,-0.0005852444197671502
1.8997995991983967,2.8934782190923576,1.4968124927933966,2.904455114796226,0.7425620517387372,-0.0006120371372801969
1.911823647294589,2.9100286016170966,1.503383775512758,2.9215207893864203,0.745451254028211,-0.0006396671806214727
1.9238476953907815,2.9266215514459857,1.5100251259172561,2.9386441485826587,0.7483136225730931,-0.0006681406749962093
1.9358717434869739,2.9432569086622506,1.5167364428659589,2.9558249866996293,0.7511492104967346,-0.0006974628813267714
1.9478957915831663,2.959934515124469,1.5235175578498772,2.973063077505264,0.753958078335792,-0.0007276381838252632
1.9599198396793587,2.976654214439446,1.5303682361557327,2.9903581747104973,0.756740294163464,-0.0007586700810620073
1.971943887775551,2.993415851935548,1.5372881783856405,3.007710012573562,0.7594959336820679,-0.0007905611804872592
1.9839679358717435,3.010219274636479,1.5442770223111377,3.025118306610717,0.7622250802845016,-0.0008233131965909024
1.9959919839679359,3.0270643312355046,1.5513343450366155,3.042582754404254,0.7649278250847118,-0.0008569269523945877
2.0080160320641283,3.0439508720700967,1.558459665444371,3.060103036497816,0.7676042669172247,-0.0008914023844397434
2.0200400801603204,3.0608787490970135,1.5656524468911928,3.077678817368386,0.7702545123063302,-0.0009267385509943438
2.032064128256513,3.077847815867799,1.572912100124688,3.09530974646388,0.7728786754057069,-0.0009629336434215929
2.0440881763527052,3.0948579275046897,1.5802379863864155,3.1129954592949853,0.7754768779094405,-0.000999985000547099
2.056112224448898,3.1119089406769387,1.5876294206683297,3.130735578569839,0.7780492489357798,-0.0010378891259179568
2.06813627254509,3.12900071357753,1.5950856750890179,3.1485297153602194,0.7805959248849632,-0.0010766417075416257
2.0801603206412826,3.1461331059002933,1.6026059823567191,3.16637747028823,0.7831170492728106,-0.0011162376403035523
2.092184368737475,3.163305978817408,1.6101895392874237,3.184278434722974,0.7856127725418389,-0.0011566710502535216
2.1042084168336674,3.180519194957283,1.6178355103447737,3.2022321919761967,0.7880832518516598,-0.001197935321300747
2.1162324649298596,3.197772618382817,1.6255430311805965,3.220238318490318,0.7905286508506961,-0.0012400231233300474
2.1282565130260522,3.215066114570028,1.633311212136131,3.238296385005445,0.7929491394312791,-0.0012829264420375353
2.1402805611222444,3.232399550387042,1.6411391416922445,3.2564059577022193,0.795344893470002,-0.0013266366100168625
2.152304609218437,3.24977279407345,1.6490258898385692,3.274566599310655,0.7977160945555752,-0.001371144338882857
2.164328657314629,3.2671857152199957,1.656970511344388,3.2927778701797608,0.8000629297058879,-0.0014164397523899197
2.176352705410822,3.2846381847486357,1.6649720489137372,3.3110393293025906,0.8023855910767566,-0.0014625124200335904
2.188376753507014,3.3021300748929128,1.6730295362101033,3.3293505352923147,0.8046842756637673,-0.0015093513911281775
2.200400801603206,3.319661259178687,1.681142000738664,3.347711047305846,0.8069591849993856,-0.0015569452292112373
2.212424849699399,3.3372316124051746,1.6893084665764426,3.366120425912279,0.8092105248470318,-0.0016052820463983153
2.224448897795591,3.354841010626324,1.6975279569431083,3.384578233904267,0.811438504893701,-0.0016543495376879491
2.2364729458917836,3.372489331132502,1.7057994966073264,3.403084037051119,0.8136433384428585,-0.0017041350149327172
2.2484969939879758,3.3901764524324913,1.7141221141256109,3.421637404793082,0.8158252421088932,-0.0017546254404336992
2.2605210420841684,3.4079022542357995,1.7224948439124856,3.440237910876903,0.8179844355145605,-0.0018058074599736074
2.2725450901803605,3.425666617435264,1.7309167281424247,3.4588851339332414,0.8201211409925122,-0.0018576674351820088
2.284569138276553,3.4434694240899506,1.7393868184855352,3.4775786579970247,0.8222355832922474,-0.0019101914751047389
2.2965931863727453,3.4613105574083534,1.747904177680243,3.4963180729722305,0.8243279892930886,-0.001963365466899347
2.308617234468938,3.479189901731866,1.756467880947336,3.515102975042894,0.8263985877244124,-0.002017175105663682
2.32064128256513,3.4971073425185417,1.7650770172506718,3.5339329670324617,0.8284476088935833,-0.002071605923156028
2.3326653306613228,3.515062766327129,1.773730690410608,3.5528076587138155,0.8304752844224055,-0.002126643315499166
2.344689378757515,3.533056060801373,1.7824280200768254,3.571726667072462,0.8324818469924793,-0.002182272569754673
2.3567134268537075,3.551087114654586,1.7911681425676618,3.590689616525516,0.8344675300999782,-0.0022384788894456165
2.3687374749498997,3.5691558176544786,1.7999502115834243,3.609696139099194,0.8364325678202746,-0.002295247418743429
2.3807615230460923,3.5872620606082486,1.8087733988013284,3.628745874567551,0.8383771945823142,-0.0023525632656102857
2.3927855711422845,3.6054057353479143,1.8176368943598333,3.6478384705552376,0.8403016449533354,-0.0024104115237832957
2.404809619238477,3.6235867347159063,1.8265399072401438,3.666973582607006,0.842206153433743,-0.0024687772934512964
2.4168336673346693,3.6418049525508938,1.835481665552575,3.68615087422666,0.8440909542623558,-0.0025276457008232
2.4288577154308615,3.6600602836738503,1.844461416735342,3.705370016888078,0.84595628123175,-0.0025870019165594726
2.440881763527054,3.6783526238743605,1.853478427673134,3.7246306900208466,0.8478023675139426,-0.0026468311730454275
2.4529058116232463,3.696681869897143,1.8625319847425954,3.743932580972949,0.8496294454960491,-0.0027071187804210695
2.464929859719439,3.7150479194288186,1.8716213937915505,3.7632753849528493,0.8514377466257983,-0.0027678501417653933
2.476953907815631,3.733450671084877,1.880745980058499,3.782658804953173,0.853227501266808,-0.002829010766966178
2.4889779559118237,3.751890024396883,1.889905088038595,3.8020825516581054,0.8549989385632486,-0.002890586285701602
2.501002004008016,3.7703658797998845,1.8990980813019618,3.8215463433364514,0.8567522863137995,-0.0029525624593418343
2.5130260521042085,3.7888781386200305,1.9083243422698415,3.8410499057222163,0.8584877708543388,-0.003014925191969553
2.5250501002004007,3.807426703062398,1.9175832719537587,3.860592971884417,0.8602056169495143,-0.003077660540384386
2.5370741482965933,3.8260114761990245,1.9268742896624809,3.8801752820877207,0.8619060476924361,-0.003140754723290229
2.5490981963927855,3.8446323619571303,1.9361968326812415,3.89979658364537,0.8635892844125124,-0.003204194129573068
2.561122244488978,3.8632892651075488,1.9455503559273477,3.919456630765766,0.8652555465909231,-0.0032679653257687846
2.5731462925851702,3.8819820912533305,1.9549343315859506,3.9391551843939103,0.8669050517833412,-0.0033320550628772594
2.585170340681363,3.9007107468185547,1.964348248729473,3.9588920120488806,0.8685380155500226,-0.0033964502822598774
2.597194388777555,3.9194751390373113,1.9737916129238429,3.978666887658317,0.8701546513921841,-0.0034611381209472825
2.6092184368737477,3.938275175942875,1.9832639458244465,3.9984795913908857,0.8717551706951241,-0.003526105916300537
2.62124248496994,3.9571107663570415,1.9927647847643695,4.018329909487503,0.8733397826771636,-0.0035913412099830566
2.6332665330661325,3.9759818198796624,2.002293682337364,4.038217634092133,0.8749086943445405,-0.0036568317513996362
2.6452905811623246,3.9948882468783258,2.011850205977555,4.058142563082748,0.8764621104515911,-0.003722565500595465
2.657314629258517,4.013829958478226,2.0214339375378683,4.0781044999031,0.8780002334661674,-0.0037885306305227573
2.6693386773547094,4.032806866552188,2.0310444728688153,4.098103253395792,0.8795232635398946,-0.0038547155290302726
2.6813627254509016,4.051818883710855,2.0406814213991398,4.118138637637102,0.8810313984829534,-0.00392110880019203
2.693386773547094,4.07086592329304,2.0503444057196587,4.138210471773984,0.882524833743247,-0.003987699265330491
2.7054108216432864,4.089947899356233,2.0600330611713824,4.158318579863542,0.8840037623895114,-0.0040544759636205185
2.717434869739479,4.109064726667257,2.0697470354390193,4.178462790715306,0.8854683750982986,-0.004121428152288331
2.729458917835671,4.128216320693078,2.0794859881506094,4.198642937736543,0.8869188601443909,-0.00418854530658308
2.741482965931864,4.147402597591772,2.089249590484096,4.218858858780793,0.8883554033946126,-0.00425581711927947
2.753507014028056,4.1666234742036155,2.099037524781423,4.239110395999817,0.8897781883046605,-0.0043232334999885325
2.7655310621242486,4.185878868042344,2.108849484170687,4.259397395699087,0.8911873959187844,-0.004390784574255235
2.7775551102204408,4.205168697286538,2.1186851721967566,4.279719708196907,0.892583204872281,-0.004458460682208454
2.7895791583166334,4.224492880771147,2.1285443024607003,4.300077187687267,0.8939657913961909,-0.004526252377225148
2.8016032064128256,4.243851337979148,2.138426598268284,4.320469692106448,0.8953353293245456,-0.004594150424225063
2.813627254509018,4.2632439890333425,2.1483317922877356,4.340897083003445,0.8966919901035268,-0.004662145797865946
2.8256513026052104,4.282670754688283,2.1582596262169034,4.361359225414201,0.8980359428027285,-0.004730229680497189
2.837675350701403,4.302131556322321,2.1682098504598932,4.381855987739643,0.89936735412806,-0.004798393460063721
2.849699398797595,4.32162631592979,2.1781822238132222,4.402387241627516,0.9006863884364122,-0.004866628727739908
2.8617234468937873,4.3411549561133,2.1881765131614617,4.422952861857972,0.9019932077517296,-0.0049349272755421225
2.87374749498998,4.360717400076177,2.1981924931823555,4.4435527262328804,0.9032879717825537,-0.0050032810938134276
2.885771543086172,4.380313571614984,2.2082299460612957,4.464186715468789,0.9045708379406889,-0.005071682368566144
2.8977955911823647,4.399943395112198,2.2182886612150936,4.484854713093505,0.9058419613611193,-0.005140123478788894
2.909819639278557,4.419606795528977,2.2283684350248865,4.5055566053462055,0.90710149492282,-0.00520859699366838
2.9218436873747495,4.439303698398053,2.2384690705780717,4.526292281081025,0.9083495892706566,-0.005277095669676157
2.9338677354709417,4.459034029816723,2.2485903774189446,4.547061631673969,0.9095863928379018,-0.005345612447761994
2.9458917835671343,4.478797716439968,2.2587321713082495,4.5678645509332565,0.9108120518696268,-0.005414140450305638
2.9579158316633265,4.498594685473652,2.2688942739909375,4.588700935012755,0.9120267104467032,-0.005482672978189385
2.969939879759519,4.518424864667858,2.27907651297228,4.609570682328624,0.9132305105103526,-0.005551203507735636
2.9819639278557113,4.538288182310301,2.289278721302203,4.63047369347904,0.9144235918871857,-0.0056197256877155155
2.993987975951904,4.558184567219856,2.299500737367076,4.651409871166754,0.9156060923146825,-0.005688233336243798
3.006012024048096,4.578113948740182,2.309742404689518,4.672379120124655,0.9167781474670633,-0.005756720437730678
3.0180360721442887,4.5980762567334414,2.3200035717354157,4.693381347044063,0.9179398909813727,-0.005825181139798019
3.030060120240481,4.618071421574121,2.3302840917281675,4.714416460505706,0.9190914544839472,-0.005893609750195594
3.0420841683366735,4.638099374142943,2.3405838224698963,4.73548437091333,0.920232967616883,-0.00596200073376707
3.0541082164328657,4.658160045820872,2.3509026261694053,4.756584990429812,0.9213645580648304,-0.006030348709359146
3.0661322645290583,4.678253368483209,2.361240369276663,4.777718232915714,0.9224863515817958,-0.006098648446830168
3.0781563126252505,4.698379274493778,2.3715969223236,4.798884013870188,0.9235984720180781,-0.006166894863909533
3.0901803607214426,4.7185376966992,2.381972159771008,4.820082250374144,0.9247010413470704,-0.006235083023334198
3.1022044088176353,4.738728568423256,2.3923659598613285,4.841312861035618,0.925794179692268,-0.006303208129736504
3.1142284569138274,4.758951823461324,2.402778204477111,4.862575765937221,0.9268780053540766,-0.006371265526759373
3.12625250501002,4.779207396074919,2.4132087790049805,4.883870886585657,0.927952634836565,-0.006439250694135978
3.1382765531062122,4.799495220986291,2.423657572204863,4.905198145863157,0.9290181828742021,-0.006507159244712568
3.150300601202405,4.819815233373131,2.4341244760843206,4.926557467980822,0.9300747624583963,-0.006574986921656034
3.162324649298597,4.840167368863326,2.4446093857777846,4.94794877843377,0.9311224848638275,-0.006642729595625951
3.1743486973947896,4.860551563529818,2.45511219943051,4.969372003958014,0.9321614596748447,-0.006710383261875563
3.186372745490982,4.880967753885523,2.465632818087081,4.990827072489032,0.9331917948113642,-0.00677794403764409
3.1983967935871744,4.901415876878334,2.476171145584284,5.012313913121937,0.9342135965548195,-0.006845408159300348
3.2104208416833666,4.921895869886187,2.4867270884481845,5.033832456073195,0.9352269695736979,-0.006912771979763477
3.2224448897795592,4.942407670712219,2.4973005557952597,5.055382632643834,0.9362320169490559,-0.006980031965760247
3.2344689378757514,4.962951217579973,2.5078914592374026,5.076964375184079,0.937228840199559,-0.007047184695331055
3.246492985971944,4.983526449128694,2.518499712790677,5.098577617059361,0.9382175393064429,-0.007114226855193806
3.258517034068136,5.00413330440868,2.5291252327876514,5.120222292617644,0.9391982127381056,-0.007181155238264125
3.270541082164329,5.02477172287671,2.53976793779319,5.141898337158013,0.9401709574744643,-0.007247966741154244
3.282565130260521,5.045441644391527,2.5504277485235445,5.163605686900477,0.9411358690310294,-0.00731465836177847
3.2945891783567136,5.066143009209408,2.5611045877686753,5.18534427895696,0.9420930414826856,-0.007381227196908924
3.306613226452906,5.08687575797976,2.5717983803175013,5.207114051303352,0.9430425674871472,-0.007447670439923115
3.318637274549098,5.107639831740831,2.5825090528861945,5.228914942752688,0.9439845383081646,-0.007513985378359678
3.3306613226452906,5.128435171915436,2.593236534049417,5.250746892929406,0.9449190438383681,-0.007580169391815161
3.3426853707414828,5.149261720306768,2.6039807541738607,5.2726098422444245,0.9458461726218914,-0.007646219949606348
3.3547094188376754,5.170119419094269,2.61474164535478,5.294503731871351,0.9467660118765551,-0.007712134608659937
3.3667334669338675,5.191008210829553,2.6255191413548147,5.316428503723495,0.9476786475158292,-0.007777911011373817
3.37875751503006,5.211928038432382,2.636313177545252,5.338384100431795,0.9485841641705264,-0.007843546883492536
3.3907815631262523,5.232878845186721,2.6471236908495714,5.360370465323569,0.9494826452100185,-0.00790904003209647
3.402805611222445,5.253860574736822,2.6579506196891898,5.382387542402076,0.9503741727632757,-0.007974388343583882
3.414829659318637,5.27487317108338,2.6687939039313133,5.40443527632684,0.9512588277395366,-0.008039589781709822
3.4268537074148298,5.295916578579741,2.679653484838826,5.42651361239473,0.952136689848686,-0.008104642385646343
3.438877755511022,5.316990741928156,2.690529305022097,5.44862249652173,0.9530078376212998,-0.008169544268113782
3.4509018036072145,5.3380956061761005,2.701421308392676,5.470761875225401,0.9538723484283409,-0.00823429361356176
3.4629258517034067,5.359231116712631,2.712329440118761,5.492931695608003,0.9547302985006212,-0.008298888676286253
3.4749498997995993,5.380397219264803,2.7232536465823824,5.515131905340226,0.9555817629479293,-0.0083633277787456
3.4869739478957915,5.401593859894132,2.7341938753382373,5.537362452645538,0.9564268157777391,-0.008427609309805462
3.498997995991984,5.422820984993109,2.7451500750740983,5.5596232862851,0.9572655299138049,-0.00849173172304063
3.5110220440881763,5.4440785412817565,2.7561221955727375,5.581914355543241,0.9580979772143152,-0.00855569353505814
3.5230460921843685,5.465366475804244,2.767110187675305,5.604235610213463,0.9589242284897708,-0.008619493323941185
3.535070140280561,5.486684735925546,2.7781140032461007,5.626587000584954,0.9597443535205699,-0.00868312972764329
3.5470941883767533,5.508033269328123,2.7891335951386793,5.648968477429586,0.9605584210743103,-0.008746601442425117
3.559118236472946,5.529412024008695,2.8001689171632487,5.6713799919893955,0.9613664989228212,-0.008809907221348112
3.571142284569138,5.550820948275015,2.8112199240552886,5.693821495964502,0.9621686538588037,-0.008873045872832108
3.5831663326653307,5.572259990742709,2.822286571445362,5.716292941501465,0.9629649517123298,-0.008936016259163182
3.595190380761523,5.593729100332151,2.833368815830051,5.738794281182055,0.9637554573669433,-0.008998817295136519
3.6072144288577155,5.615228226265389,2.844466614543988,5.761325468012423,0.9645402347755336,-0.009061447946642431
3.6192384769539077,5.636757318063092,2.855579925732925,5.783886455412645,0.9653193469759032,-0.009123907229344752
3.6312625250501003,5.6583163255415725,2.86670870832782,5.80647719720666,0.9660928561061581,-0.009186194207345011
3.6432865731462925,5.679905198809808,2.877852922019864,5.829097647612521,0.9668608234196299,-0.009248307991910565
3.655310621242485,5.701523888266544,2.8890125272364537,5.851747761233023,0.9676233092998032,-0.009310247740231148
3.6673346693386772,5.723172344597398,2.9001874851180367,5.87442749304663,0.9683803732747194,-0.009372012654168316
3.67935871743487,5.744850518772026,2.9113777574958157,5.897136798398729,0.969132074031279,-0.009433601979125683
3.691382765531062,5.766558362041321,2.922583306870269,5.919875632993179,0.969878469429311,-0.009495015002798368
3.7034068136272547,5.788295825934651,2.933804096390454,5.94264395288415,0.9706196165152647,-0.009556251054071652
3.715430861723447,5.810062862257114,2.9450400898340687,5.96544171446823,0.9713555715357458,-0.009617309501905424
3.7274549098196395,5.831859423086864,2.9562912515881212,5.988268874476781,0.9720863899508387,-0.00967818975428969
3.7394789579158316,5.853685460772442,2.967557546630874,6.011125389968731,0.9728121264470744,-0.009738891257121907
3.751503006012024,5.875540927930157,2.9788389405132856,6.034011218323208,0.973532834950305,-0.009799413493190912
3.7635270541082164,5.897425777441496,2.99013539934236,6.056926317232861,0.9742485686382096,-0.009859755981224794
3.7755511022044086,5.919339962450573,3.0014468897640882,6.0798706446970465,0.9749593799527361,-0.009919918274796657
3.787575150300601,5.941283436361606,3.0127733789479856,6.102844159015578,0.9756653206121371,-0.009979899961471972
3.7995991983967934,5.963256152836418,3.0241148345712916,6.125846818782372,0.9763664416229574,-0.010039700661806705
3.811623246492986,5.985258065792,3.0354712248041853,6.148878582879468,0.9770627932916582,-0.010099320028480463
3.823647294589178,6.0072891293980675,3.046842518295418,6.17193941047119,0.9777544252361565,-0.010158757745315938
3.835671342685371,6.029349298074679,3.0582286841584763,6.195029260998522,0.9784413863970656,-0.010218013526539949
3.847695390781563,6.051438526489866,3.0696296919582053,6.218148094173632,0.979123725048801,-0.010277087115817096
3.8597194388777556,6.073556769557305,3.081045511697916,6.2412958699745955,0.9798014888104305,-0.010335978285482383
3.8717434869739478,6.09570398243401,3.0924761138069363,6.264472548640274,0.9804747246563466,-0.010394686835709877
3.8837675350701404,6.117880120518065,3.1039214691285952,6.287678090665356,0.9811434789267679,-0.01045321259373111
3.8957915831663326,6.140085139446371,3.115381548908622,6.310912456795545,0.981807797338007,-0.010511555413089013
3.907815631262525,6.162318995092439,3.126856324783946,6.334175608022916,0.9824677249926239,-0.010569715172835004
3.9198396793587174,6.184581643564187,3.1383457687718757,6.3574675055813845,0.9831233063893023,-0.01062769177684686
3.93186372745491,6.2068730412018,3.149849853259661,6.380788110942351,0.9837745854325917,-0.010685485153111074
3.943887775551102,6.229193144575577,3.1613685509943954,6.404137385810442,0.9844216054425345,-0.010743095252969681
3.9559118236472948,6.251541910483833,3.172901835073272,6.4275152921194,0.9850644091639964,-0.010800522050537609
3.967935871743487,6.27391929595082,3.184449678934164,6.450921792028099,0.9857030387759664,-0.010857765541935294
3.979959919839679,6.296325258224665,3.196012056346522,6.47435684791666,0.9863375359004749,-0.010914825744748669
3.9919839679358717,6.318759754775349,3.207588941402583,6.497820422382699,0.9869679416116881,-0.01097170269733283
4.004008016032064,6.341222743292697,3.219180308508863,6.521312478237678,0.9875942964444917,-0.011028396458193868
4.0160320641282565,6.363714181684395,3.230786132377938,6.544832978503355,0.9882166404030954,-0.011084907105441744
4.028056112224449,6.386234028074048,3.2424063880205045,6.5683818864083605,0.9888350129695525,-0.011141234736136596
4.040080160320641,6.408782240799236,3.254041050737688,6.591959165384841,0.9894494531118525,-0.011197379465841095
4.052104208416834,6.431358778409615,3.265690096113615,6.6155647790652194,0.9900599992922352,-0.011253341427902797
4.064128256513026,6.453963599665025,3.2773535000082243,6.63919869127904,0.99066668947507,-0.01130912077303492
4.076152304609218,6.476596663533637,3.289031238550313,6.662860866049901,0.9912695611346507,-0.011364717668762125
4.0881763527054105,6.499257929190108,3.300723288130811,6.686551267592484,0.9918686512629975,-0.011420132298880503
4.1002004008016035,6.521947356013774,3.312429625396271,6.710269860309648,0.9924639963773316,-0.011475364862981507
4.112224448897796,6.54466490358684,3.324150227242562,6.734016608789606,0.9930556325275361,-0.011530415575968789
4.124248496993988,6.567410531692621,3.3358850708087817,6.757791477803199,0.9936435953033893,-0.011585284667560813
4.13627254509018,6.590184200313788,3.347634133471343,6.781594432301219,0.9942279198418049,-0.011639972381843222
4.148296593186373,6.612985869630636,3.3593973928382703,6.805425437411822,0.9948086408338099,-0.011694478976806977
4.160320641282565,6.635815500019367,3.3711748267436517,6.829284458437986,0.995385792531458,-0.011748804723907824
4.1723446893787575,6.658673052050417,3.382966413242289,6.853171460855072,0.9959594087546009,-0.011802949907682603
4.18436873747495,6.681558486486771,3.394772130604504,6.877086410308417,0.9965295228975748,-0.011856914825244758
4.196392785571142,6.704471764282324,3.406591957311108,6.901029272611005,0.9970961679357586,-0.01191069978595749
4.208416833667335,6.727412846580246,3.4184258720485317,6.9250000137411964,0.9976593764319546,-0.011964305110964801
4.220440881763527,6.750381694711368,3.4302738537041004,6.948998599840506,0.9982191805426979,-0.012017731132914378
4.232464929859719,6.773378270192603,3.4421358813614633,6.973024997211461,0.998775612024545,-0.012070978195431792
4.244488977955911,6.796402534725355,3.4540119342961537,6.997079172315482,0.9993287022401063,-0.012124046652878917
4.2565130260521045,6.819454450193985,3.4659019919712963,7.021161091770849,0.9998784821640001,-0.012176936869934707
4.268537074148297,6.84253397866425,3.4778060340334296,7.0452707223506765,1.0004249823888003,-0.01222964922126124
4.280561122244489,6.865641082381805,3.489724040308478,7.069408030980994,1.0009682331307985,-0.012282184091148451
4.292585170340681,6.888775723770695,3.5016559907978038,7.093572984738815,1.0015082642356532,-0.012334541873237015
4.304609218436874,6.9119378654318675,3.5136018656744503,7.117765550850303,1.0020451051839814,-0.01238672297012755
4.316633266533066,6.9351274701417065,3.525561645279415,7.14198569668894,1.0025787850968797,-0.0124387277930893
4.328657314629258,6.9583445008505915,3.5375353101181077,7.166233389773782,1.0031093327412606,-0.012490556761761695
4.340681362725451,6.981588920681452,3.5495228408568016,7.190508597767691,1.0036367765351244,-0.01254221030388436
4.352705410821644,7.004860692928364,3.5615242183193665,7.2148112884756905,1.0041611445528673,-0.012593688854948937
4.364729458917836,7.028159781055129,3.573539423483928,7.239141429843291,1.004682464530255,-0.012644992857943294
4.376753507014028,7.051486148693916,3.585568437479721,7.263498989954893,1.0052007638695457,-0.01269612276309573
4.38877755511022,7.074839759643871,3.5976112415839956,7.287883937032206,1.0057160696444,-0.012747079027562336
4.400801603206412,7.098220577869775,3.6096678172190257,7.312296239432713,1.0062284086046631,-0.012797862115213832
4.412825651302605,7.121628567500704,3.6217381459492093,7.336735865648171,1.0067378071812598,-0.012848472496344243
4.424849699398798,7.145063692828696,3.63382220947823,7.361202784303128,1.0072442914907782,-0.012898910647436423
4.43687374749499,7.168525918307462,3.64591998964633,7.385696964153502,1.0077478873401091,-0.012949177050913363
4.448897795591182,7.192015208551074,3.6580314684276347,7.410218374085165,1.0082486202309582,-0.012999272194953448
4.460921843687375,7.215531528332699,3.670156627927567,7.434766983112568,1.0087465153643294,-0.013049196573142297
4.472945891783567,7.239074842583322,3.6822954503803262,7.459342760377391,1.0092415976448663,-0.0130989506844017
4.484969939879759,7.262645116390505,3.694447918146449,7.483945675147232,1.0097338916851655,-0.013148535032634356
4.4969939879759515,7.286242314997149,3.706614013710424,7.5085756968143125,1.0102234218099895,-0.013197950126617286
4.509018036072145,7.309866403800268,3.7187937196783865,7.533232794894221,1.0107102120604239,-0.013247196479738932
4.521042084168337,7.333517348349774,3.7309870187758585,7.557916939024657,1.0111942861979983,-0.013296274609793102
4.533066132264529,7.357195114347294,3.743193893845577,7.582628098964242,1.0116756677086443,-0.013345185038822649
4.545090180360721,7.380899667644972,3.7554143278453544,7.607366244591316,1.012154379806688,-0.013393928292927626
4.557114228456914,7.404630974244309,3.767648303846018,7.632131345902783,1.0126304454387025,-0.0134425049020237
4.569138276553106,7.428389000294999,3.77989580502939,7.656923373012961,1.0131038872873432,-0.01349091539972136
4.5811623246492985,7.452173712093788,3.792156814686333,7.6817422961524775,1.0135747277751008,-0.01353916032313407
4.593186372745491,7.475985076083335,3.8044313162148424,7.706588085667157,1.0140429890679954,-0.013587240212686424
4.605210420841684,7.4998230588511055,3.8167192931181906,7.731460712016964,1.0145086930791507,-0.013635155612014671
4.617234468937876,7.523687627128244,3.829020729003119,7.7563601457749325,1.014971861472489,-0.013682907067668282
4.629258517034068,7.54757874778849,3.8413356075780793,7.781286357626142,1.0154325156660917,-0.01373049512911706
4.64128256513026,7.571496387847091,3.853663912651523,7.806239318366697,1.0158906768357312,-0.013777920348516659
4.6533066132264524,7.59544051445973,3.866005628130231,7.83121899890274,1.0163463659182952,-0.01382518328051674
4.6653306613226455,7.61941109492146,3.878360738017689,7.8562253702494615,1.0167996036150413,-0.013872284482204122
4.677354709418838,7.643408096665656,3.890729226412505,7.881258403530147,1.0172504103949507,-0.013919224512903838
4.68937875751503,7.667431487262974,3.903111077506865,7.906318069975236,1.0176988064979184,-0.013966003934093862
4.701402805611222,7.691481234420329,3.915506275585034,7.9314043409213975,1.0181448119379581,-0.014012623309191952
4.713426853707415,7.715557305979874,3.92791480502189,7.95651718781062,1.0185884465062855,-0.014059083203498801
4.725450901803607,7.739659669917983,3.94033665028149,7.981656582189311,1.0190297297744522,-0.01410538418404883
4.7374749498997994,7.763788294344273,3.9527717959156865,8.006822495707432,1.0194686810973295,-0.014151526819468074
4.749498997995992,7.7879431475006085,3.9652202265627685,8.032014900117634,1.0199053196160932,-0.014197511679888919
4.761523046092185,7.812124197760125,3.977681926946136,8.057233767274402,1.0203396642611366,-0.014243339336800886
4.773547094188377,7.8363314136262625,3.990156881873007,8.082479069133232,1.020771733754998,-0.014289010362958265
4.785571142284569,7.860564763731823,4.002645076233166,8.107750777749809,1.02120154661511,-0.01433452533228774
4.797595190380761,7.884824216838004,4.015146494997726,8.133048865279195,1.0216291211566784,-0.014379884819717859
4.809619238476954,7.909109741833489,4.027661123217944,8.158373303975058,1.0220544754953949,-0.014425089401150615
4.8216432865731464,7.933421307733491,4.040188946024031,8.183724066188859,1.0224776275500886,-0.014470139653319336
4.833667334669339,7.957758883678864,4.052729948624036,8.20910112436912,1.0228985950454401,-0.014515036153682104
4.845691382765531,7.98212243893518,4.065284116302709,8.23450445106065,1.0233173955145674,-0.014559779480372015
4.857715430861723,8.006511942891839,4.077851434420429,8.259934018903811,1.0237340463016267,-0.014604370212055073
4.869739478957916,8.030927365061173,4.090431888412134,8.285389800633787,1.0241485645643138,-0.014648808927887558
4.881763527054108,8.055368675077569,4.103025463786285,8.310871769079856,1.0245609672763578,-0.014693096207338385
4.8937875751503,8.079835842696605,4.1156321461238585,8.3363798971647,1.0249712712299726,-0.014737232630274377
4.905811623246493,8.104328837794181,4.128251921077353,8.361914157903692,1.025379493038301,-0.014781218776683147
4.917835671342686,8.128847630365668,4.140884774369821,8.387474524404217,1.0257856491377737,-0.014825055226687311
4.929859719438878,8.153392190525057,4.153530691793929,8.413060969864995,1.026189755790412,-0.01486874256054449
4.94188376753507,8.177962488504141,4.1661896592110335,8.438673467575416,1.0265918290861649,-0.014912281358384405
4.953907815631262,8.202558494651667,4.178861662550276,8.464311990914885,1.0269918849451827,-0.014955672200308356
4.965931863727455,8.227180179432526,4.19154668780771,8.489976513352172,1.0273899391200345,-0.014998915666232904
4.977955911823647,8.251827513426942,4.204244721045427,8.51566700844477,1.027786007197875,-0.015042012335825916
4.98997995991984,8.276500467329669,4.216955748390728,8.541383449838287,1.0281801046026828,-0.015084962788478151
5.002004008016032,8.301199011949187,4.229679756035383,8.56712581126584,1.0285722465972853,-0.015127767603182463
5.014028056112225,8.325923118206935,4.24241673023445,8.592894066547318,1.028962448285526,-0.015170427358540906
5.026052104208417,8.350672757136502,4.255166657306056,8.618688189588978,1.029350724614332,-0.015212942632615523
5.038076152304609,8.375447899882884,4.267929523630251,8.64450815438273,1.0297370903757042,-0.015255314002956766
5.050100200400801,8.4002485177017,4.280705315648342,8.670353935005574,1.0301215602087126,-0.015297542046482704
5.0621242484969935,8.425074581958444,4.29349401986216,8.696225505619022,1.030504148601537,-0.015339627339471917
5.074148296593187,8.449926064127734,4.306295622833333,8.722122840468534,1.030884869893299,-0.015381570457471128
5.086172344689379,8.474802935792562,4.319110111182582,8.748045913882951,1.0312637382760954,-0.015423371975238354
5.098196392785571,8.499705168643576,4.33193747158903,8.77399470027395,1.0316407677967518,-0.015465032466750017
5.110220440881763,8.524632734478333,4.344777690789521,8.799969174135486,1.0320159723587707,-0.015506552505087257
5.122244488977956,8.549585605200594,4.357630755577865,8.825969310043227,1.0323893657241356,-0.015547932662407504
5.134268537074148,8.574563752819595,4.370496652804571,8.851995082654149,1.032760961515045,-0.015589173509937382
5.1462925851703405,8.599567149449351,4.383375369375625,8.87804646670581,1.0331307732157597,-0.015630275617859013
5.158316633266533,8.624595767307952,4.3962668922522665,8.904123437015967,1.0334988141743224,-0.01567123955531713
5.170340681362726,8.649649578716875,4.409171208450273,8.930225968482032,1.0338650976042416,-0.015712065890383542
5.182364729458918,8.674728556100282,4.42208830503936,8.956354036080555,1.0342296365862609,-0.015752755189957668
5.19438877755511,8.69983267198435,4.435018169142596,8.982507614866732,1.0345924440698937,-0.01579330801980916
5.206412825651302,8.724961898996607,4.4479607879358385,9.00868667997392,1.0349535328752069,-0.015833724944471328
5.218436873747495,8.750116209865235,4.460916148647151,9.034891206613121,1.0353129156943623,-0.01587400652721982
5.2304609218436875,8.77529557741844,4.4738842385562645,9.06112117007253,1.0356706050931663,-0.01591415333009394
5.24248496993988,8.800499974583778,4.486865044994031,9.087376545717037,1.0360266135127816,-0.015954165913761642
5.254509018036072,8.825729374387512,4.499858555341899,9.113657308987777,1.0363809532711201,-0.015994044837583488
5.266533066132265,8.85098374995397,4.512864757031382,9.13996343540164,1.036733636564442,-0.01603379065954158
5.278557114228457,8.8762630745049,4.5258836375435525,9.166294900550827,1.0370846754688472,-0.016073403936168518
5.290581162324649,8.901567321358849,4.538915184408548,9.192651680102395,1.0374340819417682,-0.016112885222575812
5.302605210420841,8.926896463930536,4.551959385205066,9.219033749797804,1.0377818678233837,-0.01615223507241126
5.314629258517034,8.952250475730226,4.565016227559893,9.245441085452471,1.0381280448380892,-0.01619145403783051
5.326653306613227,8.977629330363124,4.578085699147424,9.27187366295534,1.0384726245958973,-0.016230542669447345
5.338677354709419,9.003033001528761,4.591167787689203,9.298331458268432,1.0388156185938442,-0.016269501516347873
5.350701402805611,9.028461463020395,4.604262480953463,9.324814447426432,1.0391570382173398,-0.016308331126047904
5.362725450901803,9.053914688724412,4.617369766754678,9.35132260653625,1.039496894741582,-0.01634703204441479
5.374749498997996,9.079392652619738,4.630489632953128,9.377855911776619,1.039835199332785,-0.016385604815752686
5.386773547094188,9.104895328777246,4.643622067454461,9.404414339397656,1.0401719630495947,-0.016424049982695976
5.398797595190381,9.130422691359188,4.656767058209278,9.430997865720473,1.0405071968443451,-0.01646236808623769
5.410821643286573,9.1559747146186,4.669924593212702,9.457606467136754,1.0408409115643167,-0.016500559665672654
5.422845691382766,9.181551372898754,4.683094660503988,9.48424012010837,1.0411731179530435,-0.016538625258583295
5.434869739478958,9.207152640632572,4.696277248166101,9.510898801166952,1.0415038266515069,-0.01657656540083252
5.44689378757515,9.232778492342085,4.709472344325341,9.53758248691354,1.041833048199372,-0.016614380626585046
5.458917835671342,9.258428902637858,4.722679937150932,9.564291154018141,1.0421607930362384,-0.01665207146818659
5.470941883767535,9.284103846218466,4.735900014854671,9.591024779219403,1.042487071502748,-0.016689638456263367
5.482965931863728,9.309803297869916,4.749132565690517,9.617783339324168,1.0428118938418436,-0.016727082119608383
5.49498997995992,9.335527232465134,4.762377577954255,9.644566811207149,1.0431352701998549,-0.016764402985245397
5.507014028056112,9.36127562496342,4.775635039983114,9.671375171810531,1.0434572106276576,-0.016801601578372072
5.519038076152304,9.38704845040992,4.788904940155416,9.6982083981436,1.0437777250818243,-0.016838678422345765
5.531062124248497,9.412845683935085,4.802187266890231,9.725066467282375,1.044096823425697,-0.016875634038704845
5.543086172344689,9.438667300754174,4.815482008647021,9.751949356369257,1.0444145154305318,-0.016912468947083426
5.5551102204408815,9.464513276166716,4.82878915392531,9.77885704261266,1.0447308107764854,-0.01694918366528242
5.567134268537074,9.490383585556021,4.8421086912643565,9.805789503286661,1.0450457190537534,-0.016985778709234012
5.579158316633267,9.51627820438864,4.855440609242804,9.832746715730636,1.0453592497636137,-0.017022254592937713
5.591182364729459,9.542197108213887,4.868784896478384,9.859728657348919,1.0456714123194075,-0.017058611828524306
5.603206412825651,9.568140272663337,4.882141541627574,9.886735305610456,1.0459822160476193,-0.017094850926220317
5.615230460921843,9.594107673450322,4.895510533385307,9.913766638048468,1.0462916701888005,-0.017130972394312494
5.627254509018036,9.620099286369452,4.908891860484653,9.940822632260097,1.0465997838986567,-0.01716697673917622
5.6392785571142285,9.646115087296112,4.922285511696509,9.96790326590608,1.0469065662489783,-0.017202864465232892
5.651302605210421,9.672155052186001,4.935691475829315,9.995008516710413,1.0472120262285571,-0.017238636074971225
5.663326653306613,9.698219157074641,4.949109741728757,10.022138362460025,1.0475161727442384,-0.017274292068925945
5.675350701402806,9.724307378076904,4.9625402982774665,10.04929278100444,1.0478190146217656,-0.017309832945720416
5.687374749498998,9.750419691386547,4.9759831343947525,10.076471750255465,1.0481205606067405,-0.01734525920193164
5.69939879759519,9.776556073275747,4.98943823903631,10.103675248186866,1.0484208193655462,-0.017380571332232364
5.7114228456913825,9.802716500094633,5.0029056011939455,10.130903252834045,1.0487197994862427,-0.017415769829305816
5.723446893787575,9.828900948270837,5.016385209895308,10.158155742293731,1.0490175094794196,-0.017450855183859915
5.735470941883768,9.85510939430903,5.029877054203619,10.185432694723659,1.0493139577791268,-0.017485827884584637
5.74749498997996,9.881341814790483,5.043381123217407,10.21273408834226,1.0496091527436633,-0.017520688418265706
5.759519038076152,9.907598186372608,5.05689740607025,10.240059901428372,1.049903102656529,-0.01755543726959985
5.771543086172344,9.933878485788535,5.070425891930515,10.267410112320912,1.050195815727193,-0.017590074921344012
5.783567134268537,9.960182689846652,5.083966570001115,10.294784699418594,1.050487300091902,-0.01762460185427983
5.7955911823647295,9.986510775430187,5.097519429519245,10.322183641179606,1.0507775638145773,-0.01765901854715679
5.807615230460922,10.012862719496756,5.1110844597561425,10.349606916121335,1.051066614887553,-0.01769332547672775
5.819639278557114,10.03923849907796,5.124661650016852,10.377054502820066,1.0513544612324282,-0.017727523117720523
5.831663326653307,10.065638091278956,5.138250989639981,10.404526379910692,1.0516411107007926,-0.017761611942916034
5.843687374749499,10.092061473278012,5.151852467997457,10.432022526086415,1.051926571075036,-0.017795592423034634
5.855711422845691,10.118508622326118,5.165466074494305,10.459542920098468,1.0522108500691232,-0.017829465026835578
5.867735470941883,10.144979515746561,5.179091798568421,10.487087540755832,1.052493955329325,-0.017863230221031756
5.8797595190380765,10.171474130934522,5.192729629690334,10.514656366924955,1.0527758944349728,-0.017896888470339434
5.891783567134269,10.197992445356643,5.206379557362987,10.542249377529453,1.0530566748991816,-0.017930440237492462
5.903807615230461,10.224534436550668,5.220041571121525,10.569866551549861,1.0533363041696049,-0.017963885983199646
5.915831663326653,10.251100082124994,5.233715660533069,10.597507868023335,1.0536147896291297,-0.01799722616613053
5.927855711422846,10.277689359758323,5.247401815196508,10.625173306043404,1.0538921385965594,-0.018030461243007778
5.939879759519038,10.304302247199221,5.261100024742278,10.652862844759666,1.0541683583273809,-0.018063591668500578
5.95190380761523,10.330938722265758,5.274810278832162,10.680576463377536,1.0544434560143685,-0.018096617895302813
5.963927855711423,10.357598762845114,5.288532567159087,10.708314141157995,1.054717438788309,-0.01812954037411174
5.975951903807615,10.384282346893196,5.302266879446893,10.736075857417301,1.0549903137186902,-0.018162359553578256
5.987975951903808,10.410989452434242,5.316013205450208,10.763861591526744,1.055262087814313,-0.018195075880406364
6.0,10.437720057560464,5.329771534954141,10.79167132291237,1.0555327680239657,-0.018227689799289237
