"# CP18 DESI z>2 BAO — exploratory; external scalars REPRESENTATIVE, sourced from arXiv:2503.14738"
# NOT a likelihood; NO covariance ingested. r_d=147.05 Mpc SHARED (CP10). H0=67.4. z_eff=2.33.
"# rep. Lyα precision: D_M/r_d ±1.4%, D_H/r_d ±1.1%. Real verdict = CLASS, Level 3, BLOCKED."
z,DM_over_rd_LCDM,DM_over_rd_QFUDS,DH_over_rd_LCDM,DH_over_rd_QFUDS,pct_diff_DM,pct_diff_DH
0.0000,0.00000,0.00000,30.24794,30.24794,+0.00000,+0.00000
0.0050,0.15106,0.15106,30.17635,30.17635,-0.00000,-0.00000
0.0100,0.30176,0.30176,30.10455,30.10455,-0.00000,-0.00000
0.0150,0.45211,0.45211,30.03256,30.03256,-0.00000,-0.00000
0.0200,0.60209,0.60209,29.96038,29.96038,-0.00000,-0.00000
0.0250,0.75171,0.75171,29.88801,29.88801,-0.00000,-0.00000
0.0300,0.90097,0.90097,29.81547,29.81547,-0.00000,-0.00000
0.0350,1.04986,1.04986,29.74274,29.74274,-0.00000,-0.00000
0.0400,1.19839,1.19839,29.66985,29.66985,-0.00000,-0.00000
0.0450,1.34656,1.34656,29.59680,29.59680,-0.00000,-0.00000
0.0500,1.49436,1.49436,29.52359,29.52359,-0.00000,-0.00000
0.0550,1.64180,1.64180,29.45022,29.45022,-0.00000,-0.00000
0.0600,1.78886,1.78886,29.37671,29.37671,-0.00000,-0.00000
0.0650,1.93556,1.93556,29.30306,29.30306,-0.00000,-0.00000
0.0700,2.08189,2.08189,29.22927,29.22927,-0.00000,-0.00000
0.0750,2.22786,2.22786,29.15535,29.15535,-0.00000,-0.00000
0.0800,2.37345,2.37345,29.08131,29.08131,-0.00000,-0.00000
0.0850,2.51867,2.51867,29.00714,29.00714,-0.00000,-0.00000
0.0900,2.66352,2.66352,28.93286,28.93286,-0.00000,-0.00000
0.0950,2.80800,2.80800,28.85848,28.85848,-0.00000,-0.00000
0.1000,2.95210,2.95210,28.78398,28.78398,-0.00000,-0.00000
0.1050,3.09584,3.09584,28.70939,28.70939,-0.00000,-0.00000
0.1100,3.23920,3.23920,28.63471,28.63471,-0.00000,-0.00000
0.1150,3.38218,3.38218,28.55994,28.55994,-0.00000,-0.00000
0.1200,3.52480,3.52480,28.48508,28.48508,-0.00000,-0.00000
0.1250,3.66703,3.66703,28.41015,28.41015,-0.00000,-0.00000
0.1300,3.80890,3.80890,28.33514,28.33514,-0.00000,-0.00000
0.1350,3.95039,3.95039,28.26007,28.26007,-0.00000,-0.00000
0.1400,4.09150,4.09150,28.18493,28.18493,-0.00000,-0.00000
0.1450,4.23223,4.23223,28.10974,28.10974,-0.00000,-0.00000
0.1500,4.37260,4.37260,28.03449,28.03449,-0.00000,-0.00000
0.1550,4.51258,4.51258,27.95919,27.95919,-0.00000,-0.00000
0.1600,4.65219,4.65219,27.88385,27.88385,-0.00000,-0.00000
0.1650,4.79142,4.79142,27.80847,27.80847,-0.00000,-0.00000
0.1700,4.93027,4.93027,27.73306,27.73306,-0.00000,-0.00000
0.1750,5.06875,5.06875,27.65761,27.65761,-0.00000,-0.00000
0.1800,5.20685,5.20685,27.58214,27.58214,-0.00000,-0.00000
0.1850,5.34457,5.34457,27.50666,27.50666,-0.00000,-0.00000
0.1900,5.48191,5.48191,27.43115,27.43115,-0.00000,-0.00000
0.1950,5.61888,5.61888,27.35564,27.35564,-0.00000,-0.00000
0.2000,5.75547,5.75547,27.28012,27.28012,-0.00000,-0.00000
0.2050,5.89168,5.89168,27.20459,27.20459,-0.00000,-0.00000
0.2100,6.02752,6.02752,27.12907,27.12907,-0.00000,-0.00000
0.2150,6.16297,6.16297,27.05356,27.05356,-0.00000,-0.00000
0.2200,6.29805,6.29805,26.97805,26.97805,-0.00000,-0.00000
0.2250,6.43275,6.43275,26.90256,26.90256,-0.00000,-0.00000
0.2300,6.56708,6.56708,26.82709,26.82709,-0.00000,-0.00000
0.2350,6.70102,6.70102,26.75165,26.75165,-0.00000,-0.00000
0.2400,6.83459,6.83459,26.67623,26.67623,-0.00000,-0.00000
0.2450,6.96779,6.96779,26.60084,26.60084,-0.00000,-0.00000
0.2500,7.10060,7.10060,26.52548,26.52548,-0.00000,-0.00000
0.2550,7.23304,7.23304,26.45017,26.45017,-0.00000,-0.00000
0.2600,7.36510,7.36510,26.37490,26.37490,-0.00000,-0.00000
0.2650,7.49679,7.49679,26.29967,26.29967,-0.00000,-0.00000
0.2700,7.62810,7.62810,26.22450,26.22450,-0.00000,-0.00000
0.2750,7.75904,7.75904,26.14938,26.14938,-0.00000,-0.00000
0.2800,7.88960,7.88960,26.07431,26.07431,-0.00000,-0.00000
0.2850,8.01978,8.01978,25.99931,25.99931,-0.00000,-0.00000
0.2900,8.14959,8.14959,25.92437,25.92437,-0.00000,-0.00000
0.2950,8.27902,8.27902,25.84951,25.84951,-0.00000,-0.00000
0.3000,8.40808,8.40808,25.77471,25.77471,-0.00000,-0.00000
0.3050,8.53677,8.53677,25.69999,25.69999,-0.00000,-0.00000
0.3100,8.66508,8.66508,25.62535,25.62535,-0.00000,-0.00000
0.3150,8.79302,8.79302,25.55079,25.55079,-0.00000,-0.00000
0.3200,8.92059,8.92059,25.47631,25.47631,-0.00000,-0.00000
0.3250,9.04779,9.04779,25.40193,25.40193,-0.00000,-0.00000
0.3300,9.17461,9.17461,25.32763,25.32763,-0.00000,-0.00000
0.3350,9.30106,9.30106,25.25343,25.25343,-0.00000,-0.00000
0.3400,9.42715,9.42715,25.17933,25.17933,-0.00000,-0.00000
0.3450,9.55286,9.55286,25.10532,25.10532,-0.00000,-0.00000
0.3500,9.67820,9.67820,25.03143,25.03143,-0.00000,-0.00000
0.3550,9.80317,9.80317,24.95763,24.95763,-0.00000,-0.00000
0.3600,9.92778,9.92778,24.88395,24.88395,-0.00000,-0.00000
0.3650,10.05201,10.05201,24.81038,24.81038,-0.00000,-0.00000
0.3700,10.17588,10.17588,24.73692,24.73692,-0.00000,-0.00000
0.3750,10.29938,10.29938,24.66358,24.66358,-0.00000,-0.00000
0.3800,10.42252,10.42252,24.59036,24.59036,-0.00000,-0.00000
0.3850,10.54529,10.54529,24.51727,24.51727,-0.00000,-0.00000
0.3900,10.66769,10.66769,24.44430,24.44430,-0.00000,-0.00000
0.3950,10.78973,10.78973,24.37145,24.37145,-0.00000,-0.00000
0.4000,10.91140,10.91140,24.29874,24.29874,-0.00000,-0.00000
0.4050,11.03272,11.03272,24.22616,24.22616,-0.00000,-0.00000
0.4100,11.15367,11.15367,24.15371,24.15371,-0.00000,-0.00000
0.4150,11.27425,11.27425,24.08141,24.08141,-0.00000,-0.00000
0.4200,11.39448,11.39448,24.00924,24.00924,-0.00000,-0.00000
0.4250,11.51435,11.51435,23.93721,23.93721,-0.00000,-0.00000
0.4300,11.63385,11.63385,23.86533,23.86533,-0.00000,-0.00000
0.4350,11.75300,11.75300,23.79359,23.79359,-0.00000,-0.00000
0.4400,11.87179,11.87179,23.72200,23.72200,-0.00000,-0.00000
0.4450,11.99022,11.99022,23.65056,23.65056,-0.00000,-0.00000
0.4500,12.10830,12.10830,23.57927,23.57927,-0.00000,-0.00000
0.4550,12.22601,12.22601,23.50814,23.50814,-0.00000,-0.00000
0.4600,12.34338,12.34338,23.43716,23.43716,-0.00000,-0.00000
0.4650,12.46039,12.46039,23.36634,23.36634,-0.00000,-0.00000
0.4700,12.57704,12.57704,23.29568,23.29568,-0.00000,-0.00000
0.4750,12.69334,12.69334,23.22518,23.22518,-0.00000,-0.00000
0.4800,12.80929,12.80929,23.15484,23.15484,-0.00000,-0.00000
0.4850,12.92489,12.92489,23.08467,23.08467,-0.00000,-0.00000
0.4900,13.04014,13.04014,23.01467,23.01466,-0.00000,-0.00000
0.4950,13.15504,13.15504,22.94483,22.94483,-0.00000,-0.00000
0.5000,13.26959,13.26959,22.87516,22.87516,-0.00000,-0.00000
0.5050,13.38379,13.38379,22.80566,22.80566,-0.00000,-0.00000
0.5100,13.49765,13.49765,22.73634,22.73634,-0.00000,-0.00000
0.5150,13.61115,13.61115,22.66719,22.66719,-0.00000,-0.00000
0.5200,13.72432,13.72432,22.59821,22.59821,-0.00000,-0.00000
0.5250,13.83714,13.83714,22.52941,22.52941,-0.00000,-0.00000
0.5300,13.94961,13.94961,22.46079,22.46079,-0.00000,-0.00000
0.5350,14.06175,14.06175,22.39235,22.39235,-0.00000,-0.00001
0.5400,14.17354,14.17354,22.32409,22.32409,-0.00000,-0.00001
0.5450,14.28499,14.28499,22.25601,22.25601,-0.00000,-0.00001
0.5500,14.39610,14.39610,22.18811,22.18811,-0.00000,-0.00001
0.5550,14.50687,14.50687,22.12040,22.12040,-0.00000,-0.00001
0.5600,14.61730,14.61730,22.05287,22.05287,-0.00000,-0.00001
0.5650,14.72740,14.72740,21.98553,21.98553,-0.00000,-0.00001
0.5700,14.83716,14.83716,21.91838,21.91837,-0.00000,-0.00001
0.5750,14.94658,14.94658,21.85141,21.85141,-0.00000,-0.00001
0.5800,15.05567,15.05567,21.78463,21.78463,-0.00000,-0.00001
0.5850,15.16443,15.16443,21.71805,21.71804,-0.00000,-0.00001
0.5900,15.27285,15.27285,21.65165,21.65165,-0.00000,-0.00001
0.5950,15.38095,15.38095,21.58545,21.58544,-0.00000,-0.00001
0.6000,15.48871,15.48871,21.51944,21.51943,-0.00000,-0.00002
0.6050,15.59614,15.59614,21.45362,21.45362,-0.00000,-0.00002
0.6100,15.70324,15.70324,21.38800,21.38799,-0.00000,-0.00002
0.6150,15.81002,15.81002,21.32257,21.32257,-0.00000,-0.00002
0.6200,15.91647,15.91647,21.25734,21.25733,-0.00000,-0.00002
0.6250,16.02259,16.02259,21.19230,21.19230,-0.00000,-0.00002
0.6300,16.12839,16.12839,21.12746,21.12746,-0.00000,-0.00002
0.6350,16.23387,16.23387,21.06282,21.06282,-0.00000,-0.00003
0.6400,16.33902,16.33902,20.99838,20.99838,-0.00000,-0.00003
0.6450,16.44385,16.44385,20.93414,20.93413,-0.00000,-0.00003
0.6500,16.54836,16.54836,20.87010,20.87009,-0.00000,-0.00003
0.6550,16.65256,16.65256,20.80625,20.80625,-0.00000,-0.00003
0.6600,16.75643,16.75643,20.74261,20.74260,-0.00000,-0.00004
0.6650,16.85998,16.85998,20.67917,20.67916,-0.00000,-0.00004
0.6700,16.96322,16.96322,20.61593,20.61592,-0.00000,-0.00004
0.6750,17.06614,17.06614,20.55289,20.55288,-0.00000,-0.00004
0.6800,17.16875,17.16875,20.49006,20.49005,-0.00000,-0.00005
0.6850,17.27104,17.27104,20.42742,20.42741,-0.00000,-0.00005
0.6900,17.37302,17.37302,20.36499,20.36498,-0.00000,-0.00005
0.6950,17.47469,17.47469,20.30277,20.30275,-0.00000,-0.00006
0.7000,17.57605,17.57605,20.24074,20.24073,-0.00001,-0.00006
0.7050,17.67710,17.67710,20.17892,20.17891,-0.00001,-0.00007
0.7100,17.77784,17.77784,20.11731,20.11730,-0.00001,-0.00007
0.7150,17.87828,17.87827,20.05590,20.05588,-0.00001,-0.00007
0.7200,17.97840,17.97840,19.99469,19.99468,-0.00001,-0.00008
0.7250,18.07822,18.07822,19.93369,19.93367,-0.00001,-0.00008
0.7300,18.17774,18.17774,19.87290,19.87288,-0.00001,-0.00009
0.7350,18.27695,18.27695,19.81230,19.81229,-0.00001,-0.00010
0.7400,18.37586,18.37586,19.75192,19.75190,-0.00001,-0.00010
0.7450,18.47447,18.47447,19.69174,19.69172,-0.00001,-0.00011
0.7500,18.57278,18.57278,19.63176,19.63174,-0.00001,-0.00012
0.7550,18.67079,18.67079,19.57200,19.57197,-0.00001,-0.00012
0.7600,18.76850,18.76850,19.51243,19.51241,-0.00001,-0.00013
0.7650,18.86591,18.86591,19.45307,19.45305,-0.00001,-0.00014
0.7700,18.96303,18.96303,19.39392,19.39389,-0.00001,-0.00015
0.7750,19.05985,19.05985,19.33497,19.33494,-0.00001,-0.00016
0.7800,19.15638,19.15638,19.27623,19.27620,-0.00001,-0.00017
0.7850,19.25262,19.25261,19.21770,19.21766,-0.00001,-0.00018
0.7900,19.34856,19.34856,19.15937,19.15933,-0.00002,-0.00019
0.7950,19.44421,19.44421,19.10124,19.10121,-0.00002,-0.00020
0.8000,19.53957,19.53957,19.04332,19.04328,-0.00002,-0.00021
0.8050,19.63465,19.63464,18.98561,18.98557,-0.00002,-0.00022
0.8100,19.72943,19.72943,18.92810,18.92806,-0.00002,-0.00024
0.8150,19.82393,19.82392,18.87080,18.87075,-0.00002,-0.00025
0.8200,19.91814,19.91813,18.81370,18.81365,-0.00002,-0.00027
0.8250,20.01206,20.01206,18.75681,18.75675,-0.00002,-0.00028
0.8300,20.10571,20.10570,18.70012,18.70006,-0.00002,-0.00030
0.8350,20.19907,20.19906,18.64363,18.64357,-0.00002,-0.00032
0.8400,20.29214,20.29214,18.58735,18.58729,-0.00003,-0.00033
0.8450,20.38494,20.38493,18.53127,18.53121,-0.00003,-0.00035
0.8500,20.47746,20.47745,18.47540,18.47533,-0.00003,-0.00037
0.8550,20.56969,20.56969,18.41973,18.41966,-0.00003,-0.00039
0.8600,20.66165,20.66165,18.36426,18.36419,-0.00003,-0.00042
0.8650,20.75334,20.75333,18.30900,18.30892,-0.00003,-0.00044
0.8700,20.84475,20.84474,18.25394,18.25386,-0.00004,-0.00046
0.8750,20.93588,20.93587,18.19908,18.19899,-0.00004,-0.00049
0.8800,21.02674,21.02673,18.14443,18.14433,-0.00004,-0.00052
0.8850,21.11732,21.11731,18.08997,18.08987,-0.00004,-0.00054
0.8900,21.20764,21.20763,18.03572,18.03561,-0.00004,-0.00057
0.8950,21.29768,21.29767,17.98167,17.98156,-0.00005,-0.00060
0.9000,21.38745,21.38744,17.92782,17.92770,-0.00005,-0.00064
0.9050,21.47696,21.47695,17.87417,17.87405,-0.00005,-0.00067
0.9100,21.56620,21.56618,17.82071,17.82059,-0.00005,-0.00071
0.9150,21.65517,21.65515,17.76746,17.76733,-0.00006,-0.00074
0.9200,21.74387,21.74386,17.71441,17.71427,-0.00006,-0.00078
0.9250,21.83231,21.83230,17.66156,17.66141,-0.00006,-0.00082
0.9300,21.92049,21.92047,17.60891,17.60875,-0.00007,-0.00087
0.9350,22.00840,22.00839,17.55645,17.55629,-0.00007,-0.00091
0.9400,22.09605,22.09604,17.50419,17.50403,-0.00007,-0.00096
0.9450,22.18344,22.18343,17.45213,17.45196,-0.00008,-0.00101
0.9500,22.27057,22.27056,17.40027,17.40008,-0.00008,-0.00106
0.9550,22.35745,22.35743,17.34860,17.34841,-0.00008,-0.00111
0.9600,22.44406,22.44404,17.29713,17.29693,-0.00009,-0.00116
0.9650,22.53042,22.53040,17.24585,17.24564,-0.00009,-0.00122
0.9700,22.61652,22.61650,17.19477,17.19455,-0.00010,-0.00128
0.9750,22.70237,22.70234,17.14389,17.14366,-0.00010,-0.00134
0.9800,22.78796,22.78793,17.09320,17.09295,-0.00011,-0.00141
0.9850,22.87330,22.87327,17.04270,17.04245,-0.00011,-0.00148
0.9900,22.95839,22.95836,16.99239,16.99213,-0.00012,-0.00155
0.9950,23.04322,23.04320,16.94228,16.94200,-0.00012,-0.00162
1.0000,23.12781,23.12778,16.89236,16.89207,-0.00013,-0.00170
1.0050,23.21215,23.21212,16.84263,16.84233,-0.00013,-0.00178
1.0100,23.29624,23.29620,16.79309,16.79278,-0.00014,-0.00187
1.0150,23.38008,23.38004,16.74375,16.74342,-0.00015,-0.00195
1.0200,23.46367,23.46364,16.69459,16.69425,-0.00015,-0.00205
1.0250,23.54702,23.54699,16.64562,16.64527,-0.00016,-0.00214
1.0300,23.63013,23.63009,16.59684,16.59647,-0.00017,-0.00224
1.0350,23.71299,23.71295,16.54825,16.54787,-0.00017,-0.00234
1.0400,23.79561,23.79557,16.49985,16.49945,-0.00018,-0.00245
1.0450,23.87799,23.87795,16.45164,16.45122,-0.00019,-0.00256
1.0500,23.96013,23.96008,16.40361,16.40317,-0.00020,-0.00268
1.0550,24.04203,24.04198,16.35577,16.35531,-0.00021,-0.00280
1.0600,24.12369,24.12364,16.30811,16.30764,-0.00022,-0.00292
1.0650,24.20511,24.20506,16.26064,16.26015,-0.00022,-0.00305
1.0700,24.28630,24.28624,16.21336,16.21284,-0.00023,-0.00319
1.0750,24.36725,24.36719,16.16626,16.16572,-0.00024,-0.00333
1.0800,24.44796,24.44790,16.11934,16.11878,-0.00025,-0.00347
1.0850,24.52844,24.52837,16.07260,16.07202,-0.00027,-0.00362
1.0900,24.60869,24.60862,16.02605,16.02545,-0.00028,-0.00378
1.0950,24.68870,24.68863,15.97968,15.97905,-0.00029,-0.00394
1.1000,24.76848,24.76841,15.93349,15.93283,-0.00030,-0.00411
1.1050,24.84804,24.84796,15.88748,15.88680,-0.00031,-0.00428
1.1100,24.92736,24.92728,15.84165,15.84094,-0.00033,-0.00446
1.1150,25.00645,25.00637,15.79600,15.79526,-0.00034,-0.00465
1.1200,25.08532,25.08523,15.75053,15.74976,-0.00035,-0.00485
1.1250,25.16396,25.16387,15.70523,15.70444,-0.00037,-0.00505
1.1300,25.24237,25.24227,15.66012,15.65930,-0.00038,-0.00526
1.1350,25.32056,25.32046,15.61518,15.61432,-0.00040,-0.00548
1.1400,25.39852,25.39842,15.57042,15.56953,-0.00041,-0.00570
1.1450,25.47626,25.47615,15.52583,15.52491,-0.00043,-0.00593
1.1500,25.55378,25.55367,15.48142,15.48046,-0.00045,-0.00617
1.1550,25.63108,25.63096,15.43718,15.43619,-0.00046,-0.00642
1.1600,25.70815,25.70803,15.39312,15.39209,-0.00048,-0.00668
1.1650,25.78501,25.78488,15.34923,15.34816,-0.00050,-0.00695
1.1700,25.86165,25.86151,15.30551,15.30440,-0.00052,-0.00722
1.1750,25.93807,25.93793,15.26196,15.26082,-0.00054,-0.00751
1.1800,26.01427,26.01412,15.21859,15.21740,-0.00056,-0.00780
1.1850,26.09025,26.09010,15.17538,15.17415,-0.00058,-0.00811
1.1900,26.16602,26.16586,15.13235,15.13108,-0.00061,-0.00843
1.1950,26.24158,26.24141,15.08949,15.08817,-0.00063,-0.00875
1.2000,26.31692,26.31675,15.04679,15.04542,-0.00065,-0.00909
1.2050,26.39204,26.39187,15.00427,15.00285,-0.00068,-0.00944
1.2100,26.46696,26.46677,14.96191,14.96044,-0.00070,-0.00980
1.2150,26.54166,26.54147,14.91971,14.91820,-0.00073,-0.01017
1.2200,26.61616,26.61596,14.87769,14.87612,-0.00076,-0.01055
1.2250,26.69044,26.69023,14.83583,14.83420,-0.00078,-0.01095
1.2300,26.76452,26.76430,14.79413,14.79245,-0.00081,-0.01136
1.2350,26.83838,26.83816,14.75260,14.75086,-0.00084,-0.01178
1.2400,26.91204,26.91181,14.71123,14.70944,-0.00087,-0.01221
1.2450,26.98550,26.98525,14.67003,14.66817,-0.00090,-0.01266
1.2500,27.05874,27.05849,14.62899,14.62707,-0.00094,-0.01313
1.2550,27.13179,27.13152,14.58811,14.58613,-0.00097,-0.01360
1.2600,27.20462,27.20435,14.54739,14.54534,-0.00100,-0.01410
1.2650,27.27726,27.27698,14.50684,14.50472,-0.00104,-0.01460
1.2700,27.34969,27.34940,14.46644,14.46425,-0.00108,-0.01513
1.2750,27.42193,27.42162,14.42620,14.42394,-0.00111,-0.01567
1.2800,27.49396,27.49364,14.38612,14.38379,-0.00115,-0.01622
1.2850,27.56579,27.56546,14.34620,14.34379,-0.00119,-0.01680
1.2900,27.63742,27.63708,14.30644,14.30395,-0.00123,-0.01739
1.2950,27.70885,27.70850,14.26683,14.26426,-0.00128,-0.01799
1.3000,27.78009,27.77972,14.22738,14.22473,-0.00132,-0.01862
1.3050,27.85113,27.85075,14.18809,14.18535,-0.00137,-0.01926
1.3100,27.92197,27.92157,14.14895,14.14613,-0.00141,-0.01993
1.3150,27.99262,27.99221,14.10996,14.10705,-0.00146,-0.02061
1.3200,28.06307,28.06265,14.07113,14.06813,-0.00151,-0.02131
1.3250,28.13333,28.13289,14.03245,14.02936,-0.00156,-0.02203
1.3300,28.20339,28.20294,13.99392,13.99074,-0.00161,-0.02277
1.3350,28.27327,28.27280,13.95555,13.95227,-0.00166,-0.02354
1.3400,28.34295,28.34246,13.91733,13.91394,-0.00172,-0.02432
1.3450,28.41244,28.41194,13.87926,13.87577,-0.00177,-0.02513
1.3500,28.48174,28.48122,13.84133,13.83774,-0.00183,-0.02596
1.3550,28.55085,28.55031,13.80356,13.79986,-0.00189,-0.02682
1.3600,28.61978,28.61922,13.76594,13.76212,-0.00195,-0.02769
1.3650,28.68851,28.68794,13.72846,13.72453,-0.00202,-0.02859
1.3700,28.75706,28.75646,13.69113,13.68709,-0.00208,-0.02952
1.3750,28.82543,28.82481,13.65395,13.64979,-0.00215,-0.03047
1.3800,28.89360,28.89296,13.61691,13.61263,-0.00221,-0.03145
1.3850,28.96160,28.96093,13.58002,13.57562,-0.00228,-0.03245
1.3900,29.02940,29.02872,13.54328,13.53874,-0.00236,-0.03348
1.3950,29.09703,29.09632,13.50668,13.50201,-0.00243,-0.03453
1.4000,29.16447,29.16374,13.47022,13.46542,-0.00250,-0.03562
1.4050,29.23173,29.23098,13.43391,13.42897,-0.00258,-0.03673
1.4100,29.29881,29.29803,13.39774,13.39266,-0.00266,-0.03787
1.4150,29.36571,29.36490,13.36171,13.35649,-0.00274,-0.03904
1.4200,29.43243,29.43160,13.32582,13.32046,-0.00283,-0.04024
1.4250,29.49897,29.49811,13.29007,13.28456,-0.00291,-0.04147
1.4300,29.56533,29.56444,13.25447,13.24880,-0.00300,-0.04274
1.4350,29.63151,29.63060,13.21900,13.21318,-0.00309,-0.04403
1.4400,29.69752,29.69657,13.18367,13.17769,-0.00318,-0.04536
1.4450,29.76335,29.76237,13.14848,13.14234,-0.00328,-0.04672
1.4500,29.82900,29.82800,13.11343,13.10712,-0.00338,-0.04811
1.4550,29.89448,29.89345,13.07851,13.07203,-0.00347,-0.04954
1.4600,29.95979,29.95872,13.04373,13.03708,-0.00358,-0.05100
1.4650,30.02492,30.02382,13.00909,13.00226,-0.00368,-0.05249
1.4700,30.08988,30.08874,12.97458,12.96757,-0.00379,-0.05403
1.4750,30.15467,30.15349,12.94021,12.93302,-0.00390,-0.05559
1.4800,30.21928,30.21807,12.90597,12.89859,-0.00401,-0.05720
1.4850,30.28373,30.28248,12.87187,12.86429,-0.00413,-0.05884
1.4900,30.34800,30.34671,12.83789,12.83012,-0.00424,-0.06053
1.4950,30.41211,30.41078,12.80406,12.79608,-0.00436,-0.06225
1.5000,30.47604,30.47468,12.77035,12.76217,-0.00449,-0.06401
1.5050,30.53981,30.53840,12.73677,12.72839,-0.00461,-0.06581
1.5100,30.60341,30.60196,12.70333,12.69473,-0.00474,-0.06765
1.5150,30.66684,30.66535,12.67001,12.66120,-0.00487,-0.06953
1.5200,30.73011,30.72857,12.63682,12.62779,-0.00501,-0.07146
1.5250,30.79321,30.79163,12.60377,12.59451,-0.00515,-0.07343
1.5300,30.85615,30.85452,12.57084,12.56135,-0.00529,-0.07544
1.5350,30.91892,30.91724,12.53804,12.52832,-0.00543,-0.07749
1.5400,30.98153,30.97980,12.50536,12.49541,-0.00558,-0.07959
1.5450,31.04398,31.04220,12.47281,12.46262,-0.00573,-0.08173
1.5500,31.10626,31.10443,12.44039,12.42995,-0.00589,-0.08392
1.5550,31.16838,31.16650,12.40810,12.39741,-0.00604,-0.08616
1.5600,31.23034,31.22840,12.37593,12.36498,-0.00620,-0.08844
1.5650,31.29214,31.29015,12.34388,12.33268,-0.00637,-0.09077
1.5700,31.35378,31.35173,12.31196,12.30049,-0.00654,-0.09315
1.5750,31.41526,31.41315,12.28016,12.26842,-0.00671,-0.09558
1.5800,31.47658,31.47441,12.24848,12.23647,-0.00689,-0.09806
1.5850,31.53774,31.53552,12.21693,12.20464,-0.00706,-0.10059
1.5900,31.59875,31.59646,12.18550,12.17293,-0.00725,-0.10316
1.5950,31.65960,31.65725,12.15419,12.14133,-0.00743,-0.10579
1.6000,31.72029,31.71787,12.12300,12.10985,-0.00763,-0.10847
1.6050,31.78083,31.77834,12.09193,12.07848,-0.00782,-0.11121
1.6100,31.84121,31.83866,12.06097,12.04723,-0.00802,-0.11399
1.6150,31.90144,31.89882,12.03014,12.01609,-0.00822,-0.11683
1.6200,31.96151,31.95882,11.99943,11.98506,-0.00843,-0.11972
1.6250,32.02143,32.01867,11.96883,11.95415,-0.00864,-0.12267
1.6300,32.08120,32.07836,11.93835,11.92335,-0.00885,-0.12567
1.6350,32.14082,32.13790,11.90799,11.89266,-0.00907,-0.12873
1.6400,32.20028,32.19729,11.87775,11.86209,-0.00930,-0.13184
1.6450,32.25960,32.25652,11.84762,11.83162,-0.00953,-0.13501
1.6500,32.31876,32.31561,11.81760,11.80127,-0.00976,-0.13824
1.6550,32.37777,32.37454,11.78770,11.77102,-0.01000,-0.14152
1.6600,32.43664,32.43332,11.75792,11.74088,-0.01024,-0.14486
1.6650,32.49535,32.49195,11.72825,11.71086,-0.01048,-0.14826
1.6700,32.55392,32.55042,11.69869,11.68094,-0.01073,-0.15172
1.6750,32.61234,32.60875,11.66924,11.65113,-0.01099,-0.15524
1.6800,32.67061,32.66694,11.63991,11.62142,-0.01125,-0.15882
1.6850,32.72874,32.72497,11.61068,11.59182,-0.01152,-0.16246
1.6900,32.78672,32.78285,11.58157,11.56233,-0.01179,-0.16615
1.6950,32.84455,32.84059,11.55257,11.53294,-0.01206,-0.16991
1.7000,32.90225,32.89818,11.52368,11.50366,-0.01234,-0.17373
1.7050,32.95979,32.95563,11.49490,11.47448,-0.01263,-0.17761
1.7100,33.01719,33.01293,11.46623,11.44541,-0.01292,-0.18156
1.7150,33.07445,33.07008,11.43767,11.41644,-0.01321,-0.18556
1.7200,33.13157,33.12709,11.40921,11.38758,-0.01351,-0.18963
1.7250,33.18855,33.18396,11.38086,11.35881,-0.01382,-0.19376
1.7300,33.24538,33.24068,11.35262,11.33015,-0.01413,-0.19795
1.7350,33.30207,33.29726,11.32449,11.30159,-0.01445,-0.20221
1.7400,33.35863,33.35370,11.29646,11.27313,-0.01477,-0.20652
1.7450,33.41504,33.40999,11.26854,11.24478,-0.01510,-0.21091
1.7500,33.47131,33.46615,11.24072,11.21652,-0.01543,-0.21535
1.7550,33.52745,33.52216,11.21301,11.18836,-0.01577,-0.21986
1.7600,33.58344,33.57803,11.18541,11.16030,-0.01611,-0.22443
1.7650,33.63930,33.63376,11.15790,11.13234,-0.01646,-0.22907
1.7700,33.69502,33.68935,11.13050,11.10448,-0.01682,-0.23377
1.7750,33.75060,33.74481,11.10320,11.07672,-0.01718,-0.23853
1.7800,33.80605,33.80012,11.07601,11.04905,-0.01755,-0.24336
1.7850,33.86137,33.85530,11.04891,11.02149,-0.01792,-0.24826
1.7900,33.91654,33.91034,11.02192,10.99401,-0.01830,-0.25321
1.7950,33.97158,33.96524,10.99503,10.96664,-0.01868,-0.25823
1.8000,34.02649,34.02000,10.96824,10.93936,-0.01907,-0.26332
1.8050,34.08127,34.07463,10.94155,10.91218,-0.01947,-0.26847
1.8100,34.13591,34.12913,10.91496,10.88509,-0.01987,-0.27368
1.8150,34.19042,34.18348,10.88847,10.85809,-0.02028,-0.27896
1.8200,34.24479,34.23771,10.86207,10.83119,-0.02070,-0.28430
1.8250,34.29904,34.29180,10.83578,10.80439,-0.02112,-0.28970
1.8300,34.35315,34.34575,10.80958,10.77768,-0.02154,-0.29517
1.8350,34.40713,34.39957,10.78348,10.75106,-0.02198,-0.30070
1.8400,34.46099,34.45326,10.75748,10.72453,-0.02242,-0.30629
1.8450,34.51471,34.50682,10.73157,10.69810,-0.02286,-0.31194
1.8500,34.56830,34.56024,10.70576,10.67175,-0.02332,-0.31766
1.8550,34.62177,34.61354,10.68005,10.64550,-0.02378,-0.32344
1.8600,34.67510,34.66670,10.65443,10.61934,-0.02424,-0.32928
1.8650,34.72831,34.71973,10.62890,10.59327,-0.02471,-0.33519
1.8700,34.78139,34.77263,10.60347,10.56730,-0.02519,-0.34115
1.8750,34.83435,34.82540,10.57813,10.54141,-0.02568,-0.34717
1.8800,34.88717,34.87805,10.55289,10.51561,-0.02617,-0.35326
1.8850,34.93988,34.93056,10.52774,10.48990,-0.02667,-0.35940
1.8900,34.99245,34.98294,10.50268,10.46428,-0.02717,-0.36560
1.8950,35.04490,35.03520,10.47771,10.43875,-0.02768,-0.37187
1.9000,35.09723,35.08733,10.45284,10.41331,-0.02820,-0.37819
1.9050,35.14943,35.13934,10.42805,10.38795,-0.02872,-0.38457
1.9100,35.20151,35.19121,10.40336,10.36268,-0.02925,-0.39100
1.9150,35.25347,35.24296,10.37876,10.33750,-0.02979,-0.39749
1.9200,35.30530,35.29459,10.35425,10.31241,-0.03034,-0.40404
1.9250,35.35701,35.34609,10.32983,10.28741,-0.03089,-0.41065
1.9300,35.40860,35.39746,10.30549,10.26249,-0.03145,-0.41731
1.9350,35.46006,35.44871,10.28125,10.23765,-0.03201,-0.42402
1.9400,35.51141,35.49984,10.25709,10.21291,-0.03258,-0.43079
1.9450,35.56263,35.55084,10.23302,10.18824,-0.03316,-0.43761
1.9500,35.61374,35.60172,10.20904,10.16367,-0.03375,-0.44448
1.9550,35.66472,35.65248,10.18515,10.13917,-0.03434,-0.45141
1.9600,35.71559,35.70311,10.16134,10.11476,-0.03494,-0.45838
1.9650,35.76634,35.75363,10.13762,10.09044,-0.03554,-0.46541
1.9700,35.81697,35.80402,10.11399,10.06620,-0.03616,-0.47249
1.9750,35.86748,35.85429,10.09044,10.04205,-0.03678,-0.47961
1.9800,35.91787,35.90444,10.06698,10.01797,-0.03740,-0.48678
1.9850,35.96815,35.95447,10.04360,9.99398,-0.03804,-0.49400
1.9900,36.01831,36.00438,10.02030,9.97008,-0.03868,-0.50127
1.9950,36.06835,36.05417,9.99709,9.94625,-0.03932,-0.50858
2.0000,36.11828,36.10384,9.97397,9.92251,-0.03998,-0.51594
2.0050,36.16809,36.15339,9.95092,9.89885,-0.04064,-0.52334
2.0100,36.21779,36.20283,9.92796,9.87527,-0.04130,-0.53079
2.0150,36.26737,36.25215,9.90509,9.85177,-0.04198,-0.53828
2.0200,36.31684,36.30135,9.88229,9.82835,-0.04266,-0.54581
2.0250,36.36619,36.35043,9.85958,9.80502,-0.04335,-0.55338
2.0300,36.41544,36.39940,9.83695,9.78176,-0.04404,-0.56099
2.0350,36.46456,36.44825,9.81439,9.75859,-0.04474,-0.56864
2.0400,36.51358,36.49698,9.79192,9.73549,-0.04545,-0.57633
2.0450,36.56248,36.54560,9.76953,9.71248,-0.04617,-0.58405
2.0500,36.61128,36.59411,9.74722,9.68954,-0.04689,-0.59181
2.0550,36.65996,36.64250,9.72499,9.66668,-0.04762,-0.59961
2.0600,36.70853,36.69078,9.70284,9.64390,-0.04835,-0.60744
2.0650,36.75698,36.73894,9.68077,9.62120,-0.04910,-0.61531
2.0700,36.80533,36.78699,9.65878,9.59858,-0.04985,-0.62321
2.0750,36.85357,36.83492,9.63686,9.57604,-0.05060,-0.63114
2.0800,36.90170,36.88275,9.61502,9.55357,-0.05136,-0.63910
2.0850,36.94972,36.93046,9.59326,9.53118,-0.05213,-0.64709
2.0900,36.99764,36.97806,9.57158,9.50887,-0.05291,-0.65511
2.0950,37.04544,37.02555,9.54997,9.48664,-0.05369,-0.66316
2.1000,37.09314,37.07293,9.52844,9.46448,-0.05448,-0.67124
2.1050,37.14072,37.12019,9.50699,9.44240,-0.05527,-0.67934
2.1100,37.18821,37.16735,9.48561,9.42040,-0.05608,-0.68747
2.1150,37.23558,37.21440,9.46430,9.39847,-0.05689,-0.69563
2.1200,37.28285,37.26134,9.44308,9.37662,-0.05770,-0.70381
2.1250,37.33001,37.30816,9.42192,9.35484,-0.05852,-0.71201
2.1300,37.37707,37.35488,9.40084,9.33314,-0.05935,-0.72023
2.1350,37.42402,37.40150,9.37984,9.31151,-0.06018,-0.72848
2.1400,37.47087,37.44800,9.35891,9.28996,-0.06102,-0.73674
2.1450,37.51761,37.49440,9.33805,9.26848,-0.06187,-0.74503
2.1500,37.56425,37.54068,9.31726,9.24707,-0.06273,-0.75333
2.1550,37.61078,37.58687,9.29655,9.22574,-0.06358,-0.76165
2.1600,37.65721,37.63294,9.27591,9.20449,-0.06445,-0.76999
2.1650,37.70354,37.67891,9.25534,9.18331,-0.06532,-0.77834
2.1700,37.74977,37.72478,9.23485,9.16220,-0.06620,-0.78671
2.1750,37.79589,37.77053,9.21442,9.14116,-0.06709,-0.79510
2.1800,37.84191,37.81619,9.19407,9.12020,-0.06798,-0.80349
2.1850,37.88783,37.86174,9.17379,9.09930,-0.06887,-0.81190
2.1900,37.93365,37.90718,9.15358,9.07849,-0.06977,-0.82033
2.1950,37.97937,37.95252,9.13343,9.05774,-0.07068,-0.82876
2.2000,38.02498,37.99776,9.11336,9.03706,-0.07160,-0.83720
2.2050,38.07050,38.04289,9.09336,9.01646,-0.07252,-0.84566
2.2100,38.11592,38.08792,9.07342,8.99593,-0.07344,-0.85412
2.2150,38.16123,38.13285,9.05356,8.97546,-0.07438,-0.86259
2.2200,38.20645,38.17768,9.03376,8.95507,-0.07531,-0.87106
2.2250,38.25157,38.22240,9.01404,8.93475,-0.07626,-0.87954
2.2300,38.29659,38.26703,8.99438,8.91450,-0.07721,-0.88803
2.2350,38.34152,38.31155,8.97478,8.89432,-0.07816,-0.89653
2.2400,38.38634,38.35597,8.95526,8.87421,-0.07912,-0.90502
2.2450,38.43107,38.40029,8.93580,8.85417,-0.08009,-0.91352
2.2500,38.47570,38.44451,8.91641,8.83420,-0.08106,-0.92203
2.2550,38.52023,38.48863,8.89708,8.81429,-0.08204,-0.93053
2.2600,38.56467,38.53265,8.87783,8.79446,-0.08302,-0.93904
2.2650,38.60901,38.57658,8.85863,8.77469,-0.08401,-0.94755
2.2700,38.65326,38.62040,8.83951,8.75500,-0.08500,-0.95605
2.2750,38.69741,38.66413,8.82045,8.73537,-0.08600,-0.96456
2.2800,38.74146,38.70775,8.80145,8.71581,-0.08700,-0.97306
2.2850,38.78542,38.75129,8.78252,8.69631,-0.08801,-0.98157
2.2900,38.82929,38.79472,8.76365,8.67688,-0.08903,-0.99007
2.2950,38.87306,38.83805,8.74485,8.65752,-0.09005,-0.99856
2.3000,38.91674,38.88129,8.72611,8.63823,-0.09107,-1.00705
2.3050,38.96032,38.92444,8.70743,8.61900,-0.09210,-1.01554
2.3100,39.00381,38.96748,8.68882,8.59984,-0.09314,-1.02402
2.3150,39.04721,39.01044,8.67027,8.58075,-0.09417,-1.03250
2.3200,39.09051,39.05329,8.65178,8.56172,-0.09522,-1.04097
2.3250,39.13373,39.09605,8.63336,8.54276,-0.09627,-1.04944
2.3300,39.17685,39.13872,8.61500,8.52386,-0.09732,-1.05789
2.3350,39.21988,39.18129,8.59670,8.50503,-0.09838,-1.06634
2.3400,39.26281,39.22377,8.57846,8.48626,-0.09944,-1.07478
2.3450,39.30566,39.26615,8.56028,8.46756,-0.10051,-1.08321
2.3500,39.34842,39.30845,8.54217,8.44892,-0.10158,-1.09163
2.3550,39.39108,39.35064,8.52411,8.43034,-0.10266,-1.10004
2.3600,39.43366,39.39275,8.50612,8.41183,-0.10374,-1.10844
2.3650,39.47614,39.43476,8.48818,8.39338,-0.10483,-1.11683
2.3700,39.51854,39.47668,8.47031,8.37500,-0.10592,-1.12521
2.3750,39.56085,39.51851,8.45249,8.35668,-0.10701,-1.13358
2.3800,39.60307,39.56025,8.43474,8.33842,-0.10811,-1.14193
2.3850,39.64519,39.60190,8.41704,8.32023,-0.10921,-1.15027
2.3900,39.68724,39.64345,8.39941,8.30209,-0.11032,-1.15860
2.3950,39.72919,39.68492,8.38183,8.28402,-0.11143,-1.16691
2.4000,39.77105,39.72629,8.36431,8.26601,-0.11255,-1.17521
2.4050,39.81283,39.76758,8.34685,8.24807,-0.11367,-1.18349
2.4100,39.85452,39.80877,8.32945,8.23018,-0.11479,-1.19176
2.4150,39.89613,39.84988,8.31210,8.21235,-0.11592,-1.20002
2.4200,39.93764,39.89090,8.29481,8.19459,-0.11705,-1.20826
2.4250,39.97907,39.93183,8.27758,8.17689,-0.11818,-1.21648
2.4300,40.02042,39.97267,8.26041,8.15925,-0.11932,-1.22469
2.4350,40.06168,40.01342,8.24329,8.14166,-0.12047,-1.23288
2.4400,40.10285,40.05408,8.22623,8.12414,-0.12161,-1.24105
2.4450,40.14394,40.09466,8.20923,8.10668,-0.12276,-1.24920
2.4500,40.18495,40.13515,8.19228,8.08928,-0.12392,-1.25734
2.4550,40.22586,40.17555,8.17539,8.07193,-0.12507,-1.26546
2.4600,40.26670,40.21587,8.15855,8.05465,-0.12623,-1.27356
2.4650,40.30745,40.25610,8.14177,8.03742,-0.12740,-1.28164
2.4700,40.34812,40.29624,8.12504,8.02025,-0.12856,-1.28971
2.4750,40.38870,40.33630,8.10837,8.00315,-0.12974,-1.29775
2.4800,40.42920,40.37628,8.09175,7.98609,-0.13091,-1.30577
2.4850,40.46962,40.41616,8.07519,7.96910,-0.13209,-1.31378
2.4900,40.50995,40.45597,8.05868,7.95217,-0.13327,-1.32176
2.4950,40.55021,40.49569,8.04223,7.93529,-0.13445,-1.32973
2.5000,40.59038,40.53532,8.02583,7.91847,-0.13564,-1.33767
2.5050,40.63046,40.57487,8.00948,7.90170,-0.13683,-1.34559
2.5100,40.67047,40.61434,7.99319,7.88500,-0.13802,-1.35350
2.5150,40.71040,40.65372,7.97694,7.86835,-0.13922,-1.36138
2.5200,40.75024,40.69302,7.96075,7.85175,-0.14042,-1.36924
2.5250,40.79000,40.73224,7.94462,7.83522,-0.14162,-1.37707
2.5300,40.82969,40.77137,7.92853,7.81873,-0.14282,-1.38489
2.5350,40.86929,40.81043,7.91250,7.80231,-0.14403,-1.39268
2.5400,40.90881,40.84940,7.89652,7.78593,-0.14524,-1.40046
2.5450,40.94825,40.88828,7.88059,7.76962,-0.14645,-1.40821
2.5500,40.98762,40.92709,7.86472,7.75336,-0.14767,-1.41593
2.5550,41.02690,40.96582,7.84889,7.73715,-0.14889,-1.42364
2.5600,41.06611,41.00446,7.83312,7.72100,-0.15011,-1.43132
2.5650,41.10523,41.04303,7.81739,7.70490,-0.15133,-1.43898
2.5700,41.14428,41.08151,7.80172,7.68886,-0.15256,-1.44661
2.5750,41.18325,41.11992,7.78609,7.67287,-0.15378,-1.45422
2.5800,41.22214,41.15824,7.77052,7.65693,-0.15501,-1.46181
2.5850,41.26096,41.19649,7.75500,7.64105,-0.15625,-1.46938
2.5900,41.29969,41.23465,7.73952,7.62522,-0.15748,-1.47692
2.5950,41.33835,41.27274,7.72410,7.60944,-0.15872,-1.48444
2.6000,41.37693,41.31075,7.70872,7.59371,-0.15996,-1.49193
2.6050,41.41544,41.34868,7.69340,7.57804,-0.16120,-1.49940
2.6100,41.45387,41.38653,7.67812,7.56242,-0.16244,-1.50684
2.6150,41.49222,41.42430,7.66289,7.54685,-0.16369,-1.51427
2.6200,41.53050,41.46200,7.64771,7.53134,-0.16494,-1.52166
2.6250,41.56870,41.49961,7.63258,7.51587,-0.16619,-1.52904
2.6300,41.60682,41.53715,7.61749,7.50046,-0.16744,-1.53638
2.6350,41.64487,41.57462,7.60246,7.48510,-0.16870,-1.54371
2.6400,41.68285,41.61201,7.58747,7.46979,-0.16995,-1.55101
2.6450,41.72075,41.64932,7.57253,7.45453,-0.17121,-1.55828
2.6500,41.75857,41.68655,7.55763,7.43932,-0.17247,-1.56553
2.6550,41.79632,41.72371,7.54279,7.42416,-0.17373,-1.57275
2.6600,41.83400,41.76079,7.52799,7.40905,-0.17499,-1.57995
2.6650,41.87160,41.79780,7.51323,7.39399,-0.17626,-1.58713
2.6700,41.90913,41.83473,7.49853,7.37898,-0.17753,-1.59428
2.6750,41.94659,41.87159,7.48386,7.36402,-0.17879,-1.60140
2.6800,41.98397,41.90837,7.46925,7.34911,-0.18006,-1.60850
2.6850,42.02128,41.94508,7.45468,7.33424,-0.18133,-1.61557
2.6900,42.05852,41.98172,7.44016,7.31943,-0.18261,-1.62262
2.6950,42.09568,42.01828,7.42568,7.30467,-0.18388,-1.62965
2.7000,42.13278,42.05476,7.41125,7.28995,-0.18516,-1.63665
2.7050,42.16980,42.09118,7.39686,7.27528,-0.18644,-1.64362
2.7100,42.20674,42.12752,7.38252,7.26066,-0.18771,-1.65057
2.7150,42.24362,42.16378,7.36822,7.24609,-0.18899,-1.65749
2.7200,42.28043,42.19998,7.35396,7.23157,-0.19028,-1.66439
2.7250,42.31716,42.23610,7.33975,7.21709,-0.19156,-1.67126
2.7300,42.35382,42.27215,7.32559,7.20266,-0.19284,-1.67811
2.7350,42.39042,42.30813,7.31147,7.18828,-0.19413,-1.68493
2.7400,42.42694,42.34403,7.29739,7.17394,-0.19541,-1.69172
2.7450,42.46339,42.37986,7.28336,7.15965,-0.19670,-1.69849
2.7500,42.49977,42.41563,7.26937,7.14541,-0.19799,-1.70524
2.7550,42.53608,42.45132,7.25542,7.13121,-0.19928,-1.71196
2.7600,42.57233,42.48694,7.24152,7.11706,-0.20057,-1.71865
2.7650,42.60850,42.52249,7.22766,7.10295,-0.20186,-1.72532
2.7700,42.64460,42.55797,7.21384,7.08890,-0.20315,-1.73197
2.7750,42.68064,42.59338,7.20006,7.07488,-0.20445,-1.73859
2.7800,42.71660,42.62872,7.18633,7.06091,-0.20574,-1.74518
2.7850,42.75250,42.66399,7.17264,7.04699,-0.20704,-1.75175
2.7900,42.78833,42.69919,7.15899,7.03311,-0.20833,-1.75829
2.7950,42.82409,42.73432,7.14538,7.01928,-0.20963,-1.76481
2.8000,42.85978,42.76938,7.13181,7.00549,-0.21093,-1.77130
2.8050,42.89541,42.80437,7.11829,6.99174,-0.21223,-1.77777
2.8100,42.93097,42.83930,7.10481,6.97804,-0.21353,-1.78421
2.8150,42.96646,42.87415,7.09137,6.96439,-0.21483,-1.79063
2.8200,43.00188,42.90894,7.07797,6.95077,-0.21613,-1.79702
2.8250,43.03724,42.94366,7.06461,6.93720,-0.21743,-1.80339
2.8300,43.07253,42.97831,7.05129,6.92368,-0.21873,-1.80973
2.8350,43.10775,43.01290,7.03801,6.91019,-0.22003,-1.81605
2.8400,43.14291,43.04742,7.02477,6.89675,-0.22134,-1.82234
2.8450,43.17800,43.08187,7.01157,6.88336,-0.22264,-1.82861
2.8500,43.21302,43.11625,6.99841,6.87000,-0.22394,-1.83485
2.8550,43.24798,43.15057,6.98529,6.85669,-0.22525,-1.84107
2.8600,43.28288,43.18482,6.97222,6.84342,-0.22655,-1.84727
2.8650,43.31770,43.21900,6.95918,6.83019,-0.22786,-1.85344
2.8700,43.35247,43.25312,6.94618,6.81701,-0.22917,-1.85958
2.8750,43.38717,43.28717,6.93322,6.80386,-0.23047,-1.86570
2.8800,43.42180,43.32116,6.92029,6.79076,-0.23178,-1.87179
2.8850,43.45637,43.35508,6.90741,6.77770,-0.23309,-1.87787
2.8900,43.49087,43.38894,6.89457,6.76468,-0.23439,-1.88391
2.8950,43.52532,43.42273,6.88176,6.75170,-0.23570,-1.88993
2.9000,43.55969,43.45645,6.86900,6.73876,-0.23701,-1.89593
2.9050,43.59401,43.49011,6.85627,6.72587,-0.23832,-1.90191
2.9100,43.62826,43.52371,6.84358,6.71301,-0.23962,-1.90785
2.9150,43.66244,43.55724,6.83092,6.70020,-0.24093,-1.91378
2.9200,43.69656,43.59071,6.81831,6.68742,-0.24224,-1.91968
2.9250,43.73062,43.62412,6.80573,6.67468,-0.24355,-1.92556
2.9300,43.76462,43.65746,6.79319,6.66199,-0.24486,-1.93141
2.9350,43.79856,43.69074,6.78069,6.64933,-0.24617,-1.93724
2.9400,43.83243,43.72395,6.76823,6.63672,-0.24748,-1.94305
2.9450,43.86624,43.75711,6.75580,6.62414,-0.24879,-1.94883
2.9500,43.89999,43.79019,6.74341,6.61160,-0.25010,-1.95459
2.9550,43.93367,43.82322,6.73105,6.59910,-0.25140,-1.96032
2.9600,43.96730,43.85619,6.71873,6.58664,-0.25271,-1.96603
2.9650,44.00086,43.88909,6.70645,6.57422,-0.25402,-1.97172
2.9700,44.03436,43.92193,6.69421,6.56184,-0.25533,-1.97738
2.9750,44.06780,43.95471,6.68200,6.54949,-0.25664,-1.98303
2.9800,44.10118,43.98742,6.66983,6.53719,-0.25795,-1.98864
2.9850,44.13450,44.02008,6.65769,6.52492,-0.25926,-1.99424
2.9900,44.16776,44.05267,6.64559,6.51269,-0.26057,-1.99981
2.9950,44.20096,44.08521,6.63352,6.50050,-0.26187,-2.00536
3.0000,44.23409,44.11768,6.62149,6.48834,-0.26318,-2.01088
